ssid,bssid,bssid_x,bssid_y,n_samples,n_samples_rssi_over_m50,n_samples_rssi_over_m55,n_samples_rssi_over_m60,n_samples_rssi_over_m65,n_samples_rssi_over_m70,site,floor
9bcdd7333ac9d925dccf267a8cc8f060765d6620,6e51149ef266315cd450f79ba1c034de3ee75c9b,40.84027635567077,73.29023760623403,28,0,4,4,14,28,5da138274db8ce0c98bbd3d2,F1
188566ac1afe8b7bb7cb397f407d8aaf7ee8f91c,73be0d1eed52fbcea07c26614ae0c3e98253ed9c,54.92945434464197,75.69071469285574,28,0,0,10,11,11,5da138274db8ce0c98bbd3d2,F1
76f2a0407a521e0d6e3280de9e2c1339b8123812,a4c0ee8bd5827ffbabbeb0581e2bacf90b114219,90.06191956276605,53.38767555354251,28,0,0,0,13,14,5da138274db8ce0c98bbd3d2,F1
0649274c48f21f41d6d50f8f29be0a86e483a3fc,febf942c419a4e27e2211029f57182c460f54d85,40.84997381851045,73.29138772840872,28,0,0,0,0,4,5da138274db8ce0c98bbd3d2,F1
5c7cd16bb7dfb02c47e008ea8211ae88ea2fbc6f,426fdb571480ea199d84872f308657c93513bfa1,79.92161750093108,57.091964665290284,18,0,0,0,0,18,5da138274db8ce0c98bbd3d2,F1
fdebac116f87f1bc34646d33cef3cd23553ad514,aa588a81a61d38f0483e2e5fec1ecfd76af84db1,40.83539003257926,73.28854859779096,4,0,0,0,0,0,5da138274db8ce0c98bbd3d2,F1
febb2ae18b1cadc70b4a07aacdc7bb941db0fcfd,73cd2ea37c3fce337e41af40373b02731a096982,59.37971249489152,60.284571961391066,46,0,0,0,0,5,5da138274db8ce0c98bbd3d2,F1
c5390b95b224f836f292f435ff4422ce684dd2e2,318d4f8a2b7f594584a73399235e16efc8bea7f0,40.83539084891443,73.28854886813647,28,0,0,0,4,4,5da138274db8ce0c98bbd3d2,F1
a071fea24ee159d87ca7446e50a32b1d8797c12a,4e47f39514ca3d0caee3c584df2c2d2f1f6f9819,59.96646068275292,57.71421416593188,36,0,0,0,0,14,5da138274db8ce0c98bbd3d2,F1
f090d486f78b10ab98cd3a337fe2a29ff4d57afd,10d84e4a07454cc4a987992db1b4c76704554ff1,40.86404481884701,73.27564942669945,18,0,0,0,0,0,5da138274db8ce0c98bbd3d2,F1
5be6636ea0e23add4ff872ae22a01c2f28a2b45a,123a2663cb60b0e09c7799ddcee8863bf3fc5a77,40.83539003257926,73.28854859779096,4,0,0,0,0,0,5da138274db8ce0c98bbd3d2,F1
e8f374e70fb4d0eb2d62a7d524f333c2602516f7,d65dbf105aa1bca93773165009c0ed2808850a6e,95.82531856002224,52.117320205514744,52,5,5,10,30,33,5da138274db8ce0c98bbd3d2,F1
41683bb02d32b6ce9ecdca9f99def1fac4748364,e41bb44f2c96af59cd7b36c74d3e6874977910dd,87.57365301009322,54.302405608631815,14,0,0,0,0,0,5da138274db8ce0c98bbd3d2,F1
da39a3ee5e6b4b0d3255bfef95601890afd80709,460990c9f3f8debd61a6ac27cc0b99aac84ba69c,56.45902481612579,73.25014533730786,30,0,0,0,0,0,5da138274db8ce0c98bbd3d2,F1
da39a3ee5e6b4b0d3255bfef95601890afd80709,3aab1fd96aa9e80d21270d26d9c2702ce237f87e,55.98206676446468,74.4332864764711,11,0,0,0,0,0,5da138274db8ce0c98bbd3d2,F1
da39a3ee5e6b4b0d3255bfef95601890afd80709,6999dc804facecbfc5f27d72d39d4da81a4de278,60.88406075593021,58.12548782748739,9,0,0,0,0,0,5da138274db8ce0c98bbd3d2,F1
da39a3ee5e6b4b0d3255bfef95601890afd80709,d4d65e0b2fc51e2cb10af68e2e5685ca42f81d36,78.757380928072,55.76911175059035,36,0,0,0,0,0,5da138274db8ce0c98bbd3d2,F1
da39a3ee5e6b4b0d3255bfef95601890afd80709,05b770680ae69bbdd3be33b119fcdb59c6848330,114.16442377794283,46.72428432250835,29,0,0,0,0,0,5da138274db8ce0c98bbd3d2,F1
da39a3ee5e6b4b0d3255bfef95601890afd80709,546100d79737a6d3fdbfcccf5f629499eafa2bc6,54.26968624528425,76.0080936786684,22,0,0,0,0,0,5da138274db8ce0c98bbd3d2,F1
da39a3ee5e6b4b0d3255bfef95601890afd80709,450be1194d6f20a3095d61cbb907001a036dacfb,164.9533099572695,56.606848534310025,31,0,0,7,7,15,5da138274db8ce0c98bbd3d2,F1
da39a3ee5e6b4b0d3255bfef95601890afd80709,01cd00c3d7964e51991d8c802e8668a48df7a106,164.95994764398162,56.59896426947218,61,0,0,0,7,8,5da138274db8ce0c98bbd3d2,F1
da39a3ee5e6b4b0d3255bfef95601890afd80709,649a431485fe0add8b046b64cf2d90a07f1b568c,112.64622337267834,55.30941400080644,12,0,0,0,0,0,5da138274db8ce0c98bbd3d2,F1
da39a3ee5e6b4b0d3255bfef95601890afd80709,3755a647adbff217e1894081b6294559f09ee299,164.85795714646747,56.66490269481595,27,0,7,9,9,9,5da138274db8ce0c98bbd3d2,F1
da39a3ee5e6b4b0d3255bfef95601890afd80709,3ecea293f26d9f0008a8e9339059c4b6ca485434,164.07570513220497,57.514204127800454,24,0,9,9,15,24,5da138274db8ce0c98bbd3d2,F1
8f52c406c1c29a44c6891f50642548ac94941b25,d352c7ad3e7d2a9146fda1a2ef41890ce5ef8cb3,55.98206691334163,74.43328645865468,19,0,0,0,0,0,5da138274db8ce0c98bbd3d2,F1
f604361acec8f8b69a0a48682df4c5c15c9fbaca,b6dfb49316f73c0c5fbb35a4a6772f13e0e1f9e3,40.83539003257926,73.28854859779096,4,0,0,0,0,0,5da138274db8ce0c98bbd3d2,F1
93f8bb0eb2c659b85694486c41717eaf0fe23cd4,d67890d42d481271ef78a72eb607343aa3bbb721,55.9820667625518,74.43328649716665,11,0,0,0,0,0,5da138274db8ce0c98bbd3d2,F1
864dbfa25a27e481773c5f8f043fadb74988807e,152b115b7163767f8cf7a5f37fc1b0e84687299a,60.29653211153374,58.03435053143502,41,0,0,0,6,7,5da138274db8ce0c98bbd3d2,F1
8245c8c98d2a45588091666109649223c2a05ef0,ba997b5f3d466745cc2fa7d0a8ab7b2731f22216,40.83539003257926,73.28854859779096,4,0,0,0,0,0,5da138274db8ce0c98bbd3d2,F1
842cc35b175e3c6ac40f808f144c953d3c50a15c,bad6ccaaa34f77b9da727d7ad4981d54811aa78a,55.9820667625518,74.43328649716665,11,0,0,0,0,0,5da138274db8ce0c98bbd3d2,F1
e6ccbff664103e4095745e718c05dbe2449d8b49,ce76779fe106eb825e6cffd4e83ce136aede4e40,62.84201626715948,51.86529777034432,69,0,18,32,32,39,5da138274db8ce0c98bbd3d2,F1
05341ab634de98f0bc3e951c098edbb69deeb945,1bd74a75e2391fadfe3f3f7b3538303a30cd38fa,55.93741814307403,74.43612837690345,15,0,0,0,0,0,5da138274db8ce0c98bbd3d2,F1
2b2505199edc92ce2bc256be4c642d30f9a4dfd2,7612e912e3426cc916892ae3b2981a4f4725c9f8,92.46125030390697,59.99325946619153,58,0,6,7,8,14,5da138274db8ce0c98bbd3d2,F1
34dfb11f8887bbe6456c7564dc4932c274e5a17f,bf7993358035105727cb28e7820647a6fa07bf09,64.81632601515044,49.93481912792128,36,0,0,0,0,5,5da138274db8ce0c98bbd3d2,F1
67aa85fc588f4e1e33013f84389ef6fed7704a5c,b79fe1def25521e490894a33b358ece2d02fb71a,64.87062346148164,50.02058918592045,33,0,0,0,0,5,5da138274db8ce0c98bbd3d2,F1
9a6e5e52b3f9aa7cee7f31241ab26aa621fbacf8,5aa56dfbe19dd2f9b1e7b9bc09c9d334bc24cc25,40.83539003257926,73.28854859779096,4,0,0,0,0,0,5da138274db8ce0c98bbd3d2,F1
10c4b50ffa20ff84ba982aedb2c1189dca60f652,e1278ae77e2b2b2ab893114a6916a3b68aabbc50,40.83539003257926,73.28854859779096,4,0,0,0,0,0,5da138274db8ce0c98bbd3d2,F1
0451a47b97f9173dad9e71fa977dbdab588c9db9,88cee49d531ad04b9b4522a6ca1b2890ed0c7c3e,64.56752940164311,50.44236328986902,14,0,0,0,0,5,5da138274db8ce0c98bbd3d2,F1
53cfd6063410fe97557b37fd8e827a42ef43296f,2f5309c048a11329760190d277f239acac04fd9e,59.716971968509974,59.59031242122167,46,0,5,6,16,32,5da138274db8ce0c98bbd3d2,F1
3518f5fa84044b50c39895bc1afbbc558cf4ec4e,481958c36615666f0e5239e4e8de9f3ba3610f8a,74.02767165174713,64.16398750235655,58,0,0,7,7,14,5da138274db8ce0c98bbd3d2,F1
0471315ef8e6f69061932836ac852b9ae75886e0,e1f6ffbbe0c7359fdb7c2935b3a373c522b9d717,55.9820667625518,74.43328649716665,11,0,0,0,0,0,5da138274db8ce0c98bbd3d2,F1
0ec2e79c7c06f634097c9afca81c5eeb0e0fe993,2dc97f5279b5b98ec48489b31f6246b0e6806ca5,92.38356345008754,60.00481530451048,34,0,0,6,7,13,5da138274db8ce0c98bbd3d2,F1
ff575fa5aaea9a62870d4c36a8a70b489cc911e6,462bfd3d0788f997798912ea8ab0c51dfb49a41f,60.53603163018096,57.86015346091278,31,0,0,0,0,0,5da138274db8ce0c98bbd3d2,F1
0a1a84a195e6fab86e673ad809eccde297df50a3,253954c516f7771388c27af003bef6ce1d493122,59.67810366509232,59.582224285506875,33,0,0,5,14,33,5da138274db8ce0c98bbd3d2,F1
dc1533122080180c1e7a2699abea187253411938,959b50ef46727c1299ff254e42b1e0ef3780330d,64.47835232104069,50.20369435090494,7,0,0,0,0,0,5da138274db8ce0c98bbd3d2,F1
dc1533122080180c1e7a2699abea187253411938,515314c8c49b5b1e32fa23c0275a0a45dbbbde3b,107.78983926586153,53.587438131732476,92,0,0,0,0,0,5da138274db8ce0c98bbd3d2,F1
218e8f2797931462a64db969bab83f3765231ba4,b69ece1c8d8b173299dea19799678b50d35de124,159.24905628969955,68.82176875546762,28,0,0,0,0,8,5da138274db8ce0c98bbd3d2,F1
2d2e25a78fd051d3d902d578b9ea8a910bf0d40e,cd2bb0d9c6fc24ef7b3da57b106ebba2eb8395a4,54.380977557774784,75.89127034320768,22,0,0,0,0,0,5da138274db8ce0c98bbd3d2,F1
cde3cb3a05711b58d8f964943795db972863a349,2a5f5eacd04f3c99c55312cc3476b75e053d00d5,59.718408770004025,59.57632623886518,33,0,0,0,5,7,5da138274db8ce0c98bbd3d2,F1
55a9894809617191a1f086b8e5d5560aa21516e7,918a8ce1ad7ac16889f32a0bcafe1133ec8b1117,180.49918629792415,78.63955123590233,40,0,0,0,6,6,5da138274db8ce0c98bbd3d2,F1
aff55fd6e5dc5206f7f9434ff8e09bf5383ed48a,e5cf8da25f739672ff202fdd8082f2d3a3581446,40.83539003261989,73.28854859788116,4,0,0,0,0,0,5da138274db8ce0c98bbd3d2,F1
e700793bfcf8b800df97d67f9833316e10552974,c0d4a428ec3821f59a879a3eb37dc04549284d12,40.83539003257926,73.28854859779096,4,0,0,0,0,0,5da138274db8ce0c98bbd3d2,F1
d1307f5d08ec822ae098d82a21aed75792766ec3,f6a329fb6084aa2bc0015352de56b62b0e66814a,40.83539003257926,73.28854859779096,4,0,0,0,0,0,5da138274db8ce0c98bbd3d2,F1
3122fe34cb4530952b14af462bf7ddcd34134b71,7f1cee62dd78fb63f454ed31de9b1f067424a1d0,40.83539003257926,73.28854859779096,4,0,0,0,0,0,5da138274db8ce0c98bbd3d2,F1
f3e994173b822322b0d697223cb824c75cc233b4,b654301678109e7233753761d66b0337d0342342,40.83539003257926,73.28854859779096,4,0,0,0,0,0,5da138274db8ce0c98bbd3d2,F1
3e61a42182c109199e2a91f9cc4309a8ebd58560,5bea6ce81cc49595cb44ddeee9a76e4823ea3fc9,40.83539003257926,73.28854859779096,4,0,0,0,0,0,5da138274db8ce0c98bbd3d2,F1
c532fc40d9aec596a77b1eb0fff16832156feb17,8024aacedea119fbc4b49a6a986b480bab7d674f,96.82907902744627,37.06793551807049,48,0,9,9,21,31,5da138274db8ce0c98bbd3d2,F1
f7231bf6b09c41a6c2e76d10050f5f3f9496e119,c36870e3678fc118a9bafac08557f322ea85d0f9,96.83281936169092,37.0646086689712,42,9,9,9,29,35,5da138274db8ce0c98bbd3d2,F1
b590f4a98f65c645c942e16dd26e90e272972541,79c8c235e9afcf7de42b9992a5bd4b44f223bb27,94.72054676730815,38.034329798971676,59,0,8,9,13,13,5da138274db8ce0c98bbd3d2,F1
aa31bb55b9075f3502a8fcb43b87197a06bebcf0,f4a6b7b4b7c6304510d0e0006850939a8b0bbdd8,78.31854927285366,62.442691699626025,43,0,0,0,6,20,5da138274db8ce0c98bbd3d2,F1
f809abcad6ad61b84cf5a8364a20597c19328ae9,bcb9b55d08d0e2a5ff8587af69bb11f65d58c563,94.70941835375032,38.039358805130135,26,8,8,9,9,18,5da138274db8ce0c98bbd3d2,F1
0b57a3a005b81cc70ac6038e44e21d13f8592b86,55c8e44b230505370112f0055ef6286abb8559bf,96.83293188995185,37.064571116805496,28,0,0,0,9,9,5da138274db8ce0c98bbd3d2,F1
234f6ef372621a5cdeb33802591262c9d7c1e2d1,b7be19971838868fabe8c0cb5f8331cf0fc31615,96.12060670444909,37.38702110790001,24,0,0,0,0,9,5da138274db8ce0c98bbd3d2,F1
f726dfc9131c45a9b6847673e36d555b6b9e01ea,5587beaadf0243e7e0b44fedd793e336d108e803,96.83281937047236,37.064608667614685,9,0,0,9,9,9,5da138274db8ce0c98bbd3d2,F1
b50bd3ef63374957bfa3a19706c30ec1bee29abb,52c206b7a275a5abce409d013e00b12cab72bbaa,96.83281937047236,37.064608667614685,9,0,0,9,9,9,5da138274db8ce0c98bbd3d2,F1
c0c41b4a51d2441b814dbb560cfa91c9595d94f9,02bccbf1fc73021ad9004a987fb246d5d7c99a0a,96.83281937047236,37.064608667614685,9,0,0,0,0,0,5da138274db8ce0c98bbd3d2,F1
d72f5c7838855838c7c7c86b717523c7183fb3c0,511a5396b76a940575b5159c9ca02c2058592281,58.22468551916117,58.488663604817724,21,0,0,0,7,21,5da138274db8ce0c98bbd3d2,F1
e1ce97c99da70691b94ee35b939dec11445f216f,aabd65fe893859c5bfe71e2273e9042a5150739e,57.25962449913564,59.49620522326798,15,0,0,0,0,0,5da138274db8ce0c98bbd3d2,F1
c332e9e5ddcd578c290739fd5dafdde0e3376e11,28ec3d3d264c01931d61ce5ec6882334c75e0496,120.70072630163999,42.77899854949693,15,0,0,0,0,0,5da138274db8ce0c98bbd3d2,F1
a4916f26ce83b93e4e1889037446fbf1fc9395cc,c07a3714486cc8418886e5a116a3486534565b49,98.62457462356019,36.959810747664974,41,0,0,8,19,21,5da138274db8ce0c98bbd3d2,F1
ca2677721845fc70e88dc9671e3c53ddfc200c79,e0bb252a6110256e768e06bb9b733592a3ab63cb,96.83277863265171,37.06464324417427,38,0,0,0,9,9,5da138274db8ce0c98bbd3d2,F1
1371925da8024564f95aaf4c63763ef582d76b25,382efac585001e10d78bcd3003cc97bc71338fac,121.12136131563344,31.395640580728987,28,0,0,5,16,28,5da138274db8ce0c98bbd3d2,F1
f145d414892fe523606f9ea81581dbcbbe5e3a51,a56c2185f38d47da20c10081235abb66e7e746fc,85.53876528016964,57.19631047960539,23,0,0,0,14,14,5da138274db8ce0c98bbd3d2,F1
85f79d93b436cf74a7758b5cc5e73594616f660c,9e6da2d90a313ef692160806891f991aabdbc577,58.243093818470754,57.110097911986244,33,0,0,0,0,11,5da138274db8ce0c98bbd3d2,F1
23d57816d64db1a6dc3fb35cb9d01e9bf4f28ead,2836b5cc683c5e056d344cddc5e8f14a37893826,100.92313192224454,52.43531140999419,42,0,0,0,0,37,5da138274db8ce0c98bbd3d2,F1
903a0bf658baaaa89463ba893c88ae9c0be5a9bb,b94c5c2cd556c3e49761bb00bde3db7493f08942,57.933279879248666,58.81654340736806,21,0,0,0,0,7,5da138274db8ce0c98bbd3d2,F1
3da45dd9c0d905b7c42682bf2d0c1e277d5e90f2,309c2edab08df67f5cc9d3f9d1d845f40b00029f,94.33038262698294,37.194274188367494,15,0,0,0,0,0,5da138274db8ce0c98bbd3d2,F1
c0040f93af672394b0b81f51339e9b8bae0d8dc1,b646b314121fe50574215120c499b2b7e38d7bc3,81.3954686395661,61.13419010792085,29,0,0,0,0,0,5da138274db8ce0c98bbd3d2,F1
945202cb533e6b454ab5646c32a5370a6cba516b,3b1dbd7e1ad78373bd5d4059636286612fdb1088,58.13256680415957,58.73592742421037,16,0,0,0,0,0,5da138274db8ce0c98bbd3d2,F1
03c7dcd4b6c366d46bf95ed642af65791fc5014a,fdac8674271ebb9fe3903a2f899fea8c23aa6361,61.00622399181547,59.469051923441675,21,0,0,0,0,0,5da138274db8ce0c98bbd3d2,F1
7026921537fc3ea4896c2e79869eac1cff151a79,339b9c00f5e81a7bd821bb1ec19a07eb4d83f920,135.07888525304585,59.44708770586184,94,0,0,0,0,6,5da138274db8ce0c98bbd3d2,F1
708c3f8c5e566994a0f07b6a0296d851d94063bc,ba84eed0e8c8238be7ae88738b267f44104c55b6,60.88406075593021,58.12548782748739,9,0,0,0,0,0,5da138274db8ce0c98bbd3d2,F1
69729405bc2869d9c915cee1b7b1c237a11f2f6d,b94482d956861cfedfa53fefd89a7a7324c1f06c,127.53297115268145,36.01850759948193,30,5,10,10,10,14,5da138274db8ce0c98bbd3d2,F1
89a45d2632bfd3c0cf9cf94df810d04f29feca00,018d67fda7fa527699f804f37d2ea4679ddccd39,160.71812535366985,61.575935379330154,25,0,0,0,0,0,5da138274db8ce0c98bbd3d2,F1
00590d98d06855203642e9e0dbb19eca183bf989,6f06607af21981a12473c874de3d466693dc2fc3,126.97576792368008,43.88136985399822,46,0,0,0,0,0,5da138274db8ce0c98bbd3d2,F1
b3841d7cb7684eb4dbe880e6c2cb80811781b242,62f18e05cbcdb4c0410c847f86be03febedb96b1,113.98267583212088,54.47788552025148,30,0,0,0,0,0,5da138274db8ce0c98bbd3d2,F1
abc131e19e508989482485db9adcbda9627afc4d,2e9e92d23d75a97aa6c4c13735130a4dce5a7dee,53.447239902943984,77.01097028497475,44,0,0,0,0,0,5da138274db8ce0c98bbd3d2,F1
ad8f6354f517895136687ef7845816a9b4521986,7814f51e5ecbf5a2391d2aa72c58fb61e6670fb5,174.31806637815288,87.94156649040777,10,0,0,0,0,0,5da138274db8ce0c98bbd3d2,F1
7d81ba2ed3bfd1cbfc1ce86de2e5bf404bdd2e61,d22c24d7a7bf107cc377ea3f19e243a3de982bfa,159.18405545434157,68.81237721699952,19,0,0,0,0,0,5da138274db8ce0c98bbd3d2,F1
932392247b85cfa2c5766d47312c0fdf9b36cd81,5b924d0ce9e35f1c71312904004b235eb848264c,112.64622337267834,55.30941400080644,12,0,0,0,0,0,5da138274db8ce0c98bbd3d2,F1
075341a55b2a68d71cd80a47b198b1b4ac56630d,bf8ce94f2366e3579735bc695f00262e0440aa67,120.70236275176681,42.77831357432426,4,0,0,0,0,0,5da138274db8ce0c98bbd3d2,F1
d27227648c292a6e6ad319e8addd07fabd032cd8,8a9fd19c0e6f9822ceac710eb2f113fbefbad8ae,160.94145187557658,70.08332081918084,24,0,0,0,0,7,5da138274db8ce0c98bbd3d2,F1
fde90276b330826e063198554f3e84f0a43c5d5b,732a27d66756afe6c1c7a703bbdf1742aadaaa22,111.58636428736628,52.95820637786123,39,0,0,0,0,0,5da138274db8ce0c98bbd3d2,F1
c5a904fb5d0d9e72b05323c2448d5dee6f815255,cfd4842b073175eb4f2e1ff3f773607fe0fe14c7,109.91530948073682,55.18331006014611,34,0,0,0,0,19,5da138274db8ce0c98bbd3d2,F1
7c6cba07c21957bc5c1612a61dd6fb1cf519487c,684e18e3051a3843f9397c87a577078916898336,119.71996142880748,40.59547077943176,28,0,0,0,0,0,5da138274db8ce0c98bbd3d2,F1
facbdc6e0767c0dbd61d3bdbf4a8c36db4e1f82f,07abca6c88c2b6dccf04b59c90651d58810101c4,123.73195615419529,33.240711114278895,52,0,0,0,10,14,5da138274db8ce0c98bbd3d2,F1
b84e2527e8aaed2d61671103bbe46bf2585284a9,6eeb9a2ad642be9b0b56f8be57a2c5d23655f1d8,106.61234341610704,54.20378213562732,30,0,0,0,0,0,5da138274db8ce0c98bbd3d2,F1
7b5e68ca9b6f07031af1aae6f265a36fdeca783e,208328c48f6b28908923ac0fa0ceea21b0f21877,64.47835232104069,50.20369435090494,7,0,0,0,0,0,5da138274db8ce0c98bbd3d2,F1
c1f8fd533acb6314497ae6108be0a9ab2bb52a34,6ea05aa91cef0d0caad4305b657759245ae4f839,119.76512073748934,50.39972637945583,57,0,0,0,0,0,5da138274db8ce0c98bbd3d2,F1
9b5dd365e2d126639ed6d173cc4432fc0b92b289,5a98e30a604b292b06a65b64945814b439f5c907,159.2490644624696,68.82177054453017,8,0,0,0,0,0,5da138274db8ce0c98bbd3d2,F1
9b5dd365e2d126639ed6d173cc4432fc0b92b289,de940c48025f04049210fc84123791f3597fa9f0,158.92525198873378,68.63960082224337,26,0,0,0,0,0,5da138274db8ce0c98bbd3d2,F1
85b482e39865d43924d2afa8bf727d20d1a4117a,bbfd4729ac6742a15b9a8a9446bfa93a177fac2f,113.0844157753139,55.215215687349044,17,0,0,0,0,0,5da138274db8ce0c98bbd3d2,F1
18236730386a55be5bf42ddbd2a12889a76724e6,8b793c6f66891c6894748214887df452c14f71af,60.88406075593021,58.12548782748739,9,0,0,0,0,0,5da138274db8ce0c98bbd3d2,F1
3852b041beab1ce43a30ee23a3c30042d3ed52bb,a33fb07f55ba985a32a9f8a660d3ad91a068116b,55.07358798200522,75.37562547134776,22,0,0,0,0,0,5da138274db8ce0c98bbd3d2,F1
9ca5eaedbb76304b396d74f186ccb8356dd69303,edb4da5cc52afcdb393c4a79886770a0c57330e4,55.9820667625518,74.43328649716665,11,0,0,0,0,0,5da138274db8ce0c98bbd3d2,F1
858677d1e986c0c28cdedbb1bc59b1ad47e986d1,1eb2b72b64a5af0cfab734e989e72ac711497625,55.9820667625518,74.43328649716665,11,0,0,0,0,0,5da138274db8ce0c98bbd3d2,F1
ae4db790260c10f194689bb90c84501e10b5dc35,4f698550dc46ddde1a0cb53194c8c348371ece5f,55.9820667625518,74.43328649716665,11,0,0,0,0,0,5da138274db8ce0c98bbd3d2,F1
385207b870156c465155db1ece54fb2f35dedcc7,b5fb30ed65952b1d66569a83ed7ccfb302655034,112.64622337267834,55.30941400080644,12,0,0,0,0,0,5da138274db8ce0c98bbd3d2,F1
9751732241976617194672291f5f8a6434cdb703,3feed460f067d55937c73a2b13dc71f2e08eb7ac,112.64622337267834,55.30941400080644,12,0,0,0,0,0,5da138274db8ce0c98bbd3d2,F1
4bc0ea7aef13b3cfa37ea1d754e280431b9896ff,a89bd41c9b13781262751bc49192eb1419736d3d,125.59575399895292,35.789324144730735,22,0,0,0,0,5,5da138274db8ce0c98bbd3d2,F1
7ce05e88c2af9249dc7989de3f896dd1578cc523,2ed70bc2a8fbfb3bcc1482c8e489042a3fe3ee13,85.53874744239309,57.19632648056667,14,0,0,0,0,0,5da138274db8ce0c98bbd3d2,F1
7a7d617bef52bc80af1181d1619c23e7220893c6,bd4e4b9193f5fd625eaf4c6b4260a4aef792cc3c,85.53874744239309,57.19632648056667,14,0,0,0,0,0,5da138274db8ce0c98bbd3d2,F1
141d6d6bce4007bd0e50d1a014c01085f8aab9f0,1482d37232e99a0e59bf1872d82b3742e74e42f7,63.250581089782585,69.10083071470393,24,0,0,0,0,0,5da138274db8ce0c98bbd3d2,F1
4d6f193ebc4fa5c07b459bc029d28c42cb46d0fa,f798b9b97a756b6c65c62d91dd91ed365c1f8a7b,182.32765568598143,86.6075530513052,5,0,0,0,0,0,5da138274db8ce0c98bbd3d2,F1
40fde57d35de28dcea672b90589d5a0540468c7d,58a133c2c4b690c9f054131d7ce5ff1c21c9bda7,123.82127847228777,36.326045675005844,51,0,0,11,11,18,5da138274db8ce0c98bbd3d2,F1
2ee0d2dca289c3eb54f4cc5e98db8d63e9b0794b,15dd7bef2baf31a1a1bab4e36695913eeb8f134d,112.64622337267834,55.30941400080644,12,0,0,0,0,0,5da138274db8ce0c98bbd3d2,F1
1ca4f33d16586c62e99d799a190f089a29060908,ad380426ab2267863a45468970080bbb552fa002,55.9820667625518,74.43328649716665,11,0,0,0,0,0,5da138274db8ce0c98bbd3d2,F1
fe534ddb8f521e50e7464559465c940e9d08bfc0,494138ee9458be001a7cdb84eafa51f435f30b39,182.58522626098528,81.54740241146709,15,0,0,0,0,0,5da138274db8ce0c98bbd3d2,F1
fe534ddb8f521e50e7464559465c940e9d08bfc0,5331ae50278a043e183d7b77ccadbe3ff739d027,182.49124215097407,84.70985058304022,12,0,0,0,0,0,5da138274db8ce0c98bbd3d2,F1
fe534ddb8f521e50e7464559465c940e9d08bfc0,79b2cf0354b6af1e23d81a4ad451a7ddb07d2500,182.36888626110695,82.9319749100107,6,0,0,0,0,0,5da138274db8ce0c98bbd3d2,F1
fe534ddb8f521e50e7464559465c940e9d08bfc0,2cc1161ca07d74e7a742d868d91ef96ad75bfca0,182.36888626110695,82.9319749100107,6,0,0,0,0,0,5da138274db8ce0c98bbd3d2,F1
fe534ddb8f521e50e7464559465c940e9d08bfc0,6beed5f5e482948924f2a61eb3c7cf251a2e22f2,182.32765568598143,86.6075530513052,5,0,0,0,0,0,5da138274db8ce0c98bbd3d2,F1
cb4933579fa60fe7a31125422579ba40212108d9,d3d3f6fa8441b2090d93e86945b9d4262c326417,125.11719391428396,34.78607405816747,36,0,0,0,6,11,5da138274db8ce0c98bbd3d2,F1
e34afc30b7b931bc22fe36d42aa3b18932d0be4d,fc2b3e5378f8c57c53cc191996258752ab940b86,107.09579112252679,54.90078281566165,73,11,11,13,17,55,5da138274db8ce0c98bbd3d2,F1
4b805d4e69a864c9bab8f8279eccded5f9529de6,97596f3e75a53bff27b2a7085686caedfca7e0a0,121.50227932794428,49.934098407695934,50,0,0,0,27,28,5da138274db8ce0c98bbd3d2,F1
8425fdab4e6f6c5c70d75084971f050923114220,8027b40316b1eacd8d3471b9fe95590ec758a4ac,112.64689880108598,55.30924549027802,23,0,0,0,0,0,5da138274db8ce0c98bbd3d2,F1
e72acb3e26fc75a01859ef1cfb0fe68f814de7d9,3fb11400d060d45d54b60c09c9253d083076ae10,55.9820667625518,74.43328649716665,11,0,0,0,0,0,5da138274db8ce0c98bbd3d2,F1
977a63d9b24b91583705c3639a4c71fc3a15d2df,5540f4dc055226e831361d09b36239e467849ada,58.033158657373576,58.69219851183513,9,0,0,9,9,9,5da138274db8ce0c98bbd3d2,F1
66570430a4f03702e861623afa9ac20338225b82,8bc8816ac68dd590e4af304aabbd99f5b0b29a40,96.83281849149468,37.06460906310933,18,0,0,9,9,9,5da138274db8ce0c98bbd3d2,F1
ffc2a6b707a3c36cacbb3c4d6800a2e95ff4d052,8dec7e8a95464fc8205dff5f3bc469307f3ed71d,137.07759741821747,47.3886152824293,24,0,0,0,0,16,5da138274db8ce0c98bbd3d2,F1
bb76fe8406384eae3801541016934ebfc8daefea,fc275c8394c4ba229bd79b4acf9cc478888d99ee,112.64622337267834,55.30941400080644,12,0,0,0,0,0,5da138274db8ce0c98bbd3d2,F1
191412bda74148da69af977560f1bcd4d2a0921a,f341636fdc212002c01c842bb624aa021f11375a,91.68668752275781,38.23901924137072,7,0,0,7,7,7,5da138274db8ce0c98bbd3d2,F1
2f9b5aac1db3351d0816e03830170769b03f464d,992eaa71a19014e41883178ba2b40d33ef19d8f5,160.9193298542282,70.06714590029597,45,0,0,0,7,8,5da138274db8ce0c98bbd3d2,F1
ee2b02f819225dbbdc048563154d6ac22aa580f0,c830fa5da7b6289329a3276156e2ecb8348e4857,55.9820667625518,74.43328649716665,11,0,0,0,0,0,5da138274db8ce0c98bbd3d2,F1
54dd32399229de83070b9fb39a4e6b32be45a73b,f036202a423fc7a2e9e041d94d288b55eb04aac7,137.79471903313316,48.87425160283515,27,0,0,0,0,0,5da138274db8ce0c98bbd3d2,F1
345ff7363367e0fd324a6296fcf751bbcad9cd27,361f631b6e9f7e568acb55bc1fa6278154a81c2c,120.38511733677119,30.716587048902312,5,0,0,0,0,0,5da138274db8ce0c98bbd3d2,F1
8d034c32cfde7dae736e615758c9df61d18c2891,1d53bf3964c89d420fdf87e0704ec3677586648c,123.26062313440612,40.6128844677176,28,0,0,0,9,15,5da138274db8ce0c98bbd3d2,F1
c9591b9254515064d4592ddd104580cc508b3e00,57fa0f8615096293aaaf8491765516ead979c6db,125.1196906834219,34.3397488228556,24,0,0,5,11,13,5da138274db8ce0c98bbd3d2,F1
e7d8282650d6f03126f517d2be5ee4e7a1021a02,6702fb29adcd4d534335efbfaa5085020420d785,125.71758494494927,35.772609291286436,16,0,0,0,0,16,5da138274db8ce0c98bbd3d2,F1
3cfe0edf59bb9c7d003fc3559c29a1c72aa80c61,a722b6c2f23929c08cec687a1e16db19f6f7d18b,134.858751775385,44.87541505813868,16,0,0,0,0,11,5da138274db8ce0c98bbd3d2,F1
e2c21195166d8623e063135f32f508ec3c846908,ac68ab1d72308be9794086c4337c4fd6a935df7f,136.4942190844395,45.93366918012661,23,0,0,10,11,15,5da138274db8ce0c98bbd3d2,F1
285fdb686320a327cbc6ca176c680d634bb57ab0,2aced0625f13325d460fe23181b0d9d840c64328,117.35146656733102,54.038563036067536,28,0,0,0,0,12,5da138274db8ce0c98bbd3d2,F1
bfb8fc03c8118f5eac718f201b25df5e58c6abba,cede14fbfa65db5f84fd62f90c0c88849a407e85,112.867942411527,55.25386809456646,30,0,0,0,12,23,5da138274db8ce0c98bbd3d2,F1
47fab64ee8e8dbd2c9ddd26247b8f4f242a4818b,5e66bf0e99e61b1fef2f169ef1bca85d187d8273,133.18766600938108,44.269049360443546,25,0,0,10,11,17,5da138274db8ce0c98bbd3d2,F1
62145f5e86a703cbb55430133e3cd6b0cee285ea,a5807c9256378a479fd564f2daa7fd1b0613efdb,120.38515915046577,30.71662541838021,16,0,0,0,0,0,5da138274db8ce0c98bbd3d2,F1
4c16621717473aba93d7eef04e9ebbc7b5838406,093f70b90fd7f57e3c4b72265a544aa4a884d6bc,147.25432356141133,42.833646502876874,61,0,7,7,21,22,5da138274db8ce0c98bbd3d2,F1
9c6a4dab5f3bb2a4d6a69c6a9bbaee251440750a,1710d771130c2c6d53169de0527d5a29dbf7fb13,134.86195088014787,44.878613425186124,16,0,0,0,11,11,5da138274db8ce0c98bbd3d2,F1
877eecb5a094577e4b98ab581b41fc07f19f2746,eec54733c73feb248bd8e8fcd220ea47a809038b,120.51357794328452,31.17336882361418,45,0,0,0,5,18,5da138274db8ce0c98bbd3d2,F1
dfaba77cb9c380a8d4d8ed7130d850a8d5c9eaba,b9f12cd99c8fe777daf0d9c7a5d6ba6710628988,123.50596118633487,52.114503277005966,51,0,0,0,19,30,5da138274db8ce0c98bbd3d2,F1
f44a25a798bf4e87d9ba626c80f57b5759250a74,6501f39a8f49cdaab341f6494139bd7d5a0ba03c,124.40679297495974,29.84580258996638,13,0,0,0,0,0,5da138274db8ce0c98bbd3d2,F1
822e68dc7a7776023443a4896406d5589d7adbac,865da075856d2aa9a5779a1a897eff2704ee2ba4,150.47509339031123,46.105190232195106,35,0,0,9,9,10,5da138274db8ce0c98bbd3d2,F1
44b0e97801e4e548f875ae3c84302784805332f1,457ca68111c443eade65ae2318719946c9645077,121.50067857905225,43.05734086514834,25,0,0,0,0,0,5da138274db8ce0c98bbd3d2,F1
336bcd53d913e8e2e3cb6d53ff8f80ed65885486,28c5a5301ff585753fd0727d64e1dd4b828368ac,155.38545640833163,55.3763216436093,22,0,0,0,9,10,5da138274db8ce0c98bbd3d2,F1
444d66d50aa517daed7fd36eb19a8857c2cd54e3,a286005c317508804339f3cef2afc39071ad0dc1,164.71318517705623,56.80301769221218,32,0,0,0,0,0,5da138274db8ce0c98bbd3d2,F1
444d66d50aa517daed7fd36eb19a8857c2cd54e3,1fb5dbb9f57de806b941c545b39a3e5899804666,164.07536565781916,57.51469195875664,24,0,0,0,9,15,5da138274db8ce0c98bbd3d2,F1
824310d219013a814a8eaa498788d9be4797a921,5ee8b7e43c86690a86ebf2a76a0db0cdcc7192f8,112.64622337267834,55.30941400080644,12,0,0,0,0,0,5da138274db8ce0c98bbd3d2,F1
a6af92160f87affdb1b1e98f93f267610c39f04a,76c6efed80f8da7c6edc52a3000d40fefaae0d38,164.9573089494386,56.60034895191659,44,0,0,7,8,15,5da138274db8ce0c98bbd3d2,F1
1e1880f7eb04f7a6ab067113830dd48c72d5bc39,5d9ad976d06a0884c7daf7342ac3202f35adc533,112.64622337267834,55.30941400080644,12,0,0,0,0,0,5da138274db8ce0c98bbd3d2,F1
86c65989964f433656439da13e64adeafa8fa303,2294c07dc6205c3a13b1db70fac6f001a94c8d1f,112.64622337267834,55.30941400080644,12,0,0,0,0,0,5da138274db8ce0c98bbd3d2,F1
6d09e6231c2447fe1aaeb2fb1966b9279b106dfe,4183d38eb69d310c2fca41f23819ee51f1811254,55.9820667625518,74.43328649716665,11,0,0,0,0,0,5da138274db8ce0c98bbd3d2,F1
8581f7757e39ad9900b6ef475ddf43d9d49250d0,799787100dc08809c856e6bb5992f3c9df1e2330,158.51456488367447,68.42534124315449,17,0,0,0,0,0,5da138274db8ce0c98bbd3d2,F1
9ad96b188e6dc1d7b827cd07b64bd25d3bcddc1e,4a7beaf11c60a47d42894b546c7bb3a388a29dd9,149.05687422860473,44.4600720437468,42,0,0,0,1,20,5da138274db8ce0c98bbd3d2,F1
985d91cb54cf4f060994dfb90231ce379891da59,0bbb86e9412cb1e4ce71d4a141e8a29d0ff7b4c0,153.05489998077152,48.73127975686193,9,0,0,0,0,0,5da138274db8ce0c98bbd3d2,F1
07dcff6eb9a27b67436c56de49b15ea36e024c7a,878be63d6bc4bc59501baa1873ad483e1a521085,149.87036335253788,44.93472050325312,29,0,0,8,8,9,5da138274db8ce0c98bbd3d2,F1
8aefb06c426e07a0a671a1e2488b4858d694a730,c4ad7d22b7175027d00784d10a2751b5c8f9bcd2,159.2490644623882,68.82177054634576,8,0,0,0,0,0,5da138274db8ce0c98bbd3d2,F1
f21e068532e3145feb69f5dc5e7ac9e052c3c8fd,63d1fa25b777abd4f5143e9f89f14618cd10cbd3,147.1114953176545,43.648138241637064,46,0,0,8,20,21,5da138274db8ce0c98bbd3d2,F1
03e8f8b2be4b5e7ff9f473362e46c1156ce32b6a,262a46c3e9c1d2c1eb40dd166c3f97893911fec7,148.28710730007037,38.92989289433172,5,0,0,0,0,0,5da138274db8ce0c98bbd3d2,F1
5f95ce7ca226986baf4a7d70998924d3567c8ba2,291c166ca6602caa6e102ae2c2accdd46d32f23b,149.03187302306335,45.42067646920285,10,0,0,0,0,0,5da138274db8ce0c98bbd3d2,F1
ffa218a48f758acbddabac091275a6c39bb149c7,f55171cf56b7adb382300b5939ab66fe98f348f4,112.64622337267834,55.30941400080644,12,0,0,0,0,0,5da138274db8ce0c98bbd3d2,F1
1acab325521b0a08863c5eb967acd76b98e12b28,ce75cbc687d4b53c3660212e72b1932ca4f6a76b,55.9820667625518,74.43328649716665,11,0,0,0,0,0,5da138274db8ce0c98bbd3d2,F1
467776503ea177fcf0934debc40b6697cb64dc4d,026ff92167f0afb71fa01b599b24361a6591c671,183.16698330158763,84.19885817943434,35,2,6,10,11,12,5da138274db8ce0c98bbd3d2,F1
53ad4ccca4d76fc63f9fb33ae837e459f1d36853,a7a31b118cff24d443fc6e6a9a2836dbe41684da,162.81181441604923,55.84645221940198,16,0,0,0,0,0,5da138274db8ce0c98bbd3d2,F1
d070f7b60e9508c133655848d3b450927d6488a9,4cc4dbbff2b37164b754e6cb808f20ca65e144ed,159.3037548279305,68.67433515358312,17,0,0,0,0,8,5da138274db8ce0c98bbd3d2,F1
ecf49d8fd78d506ec0a933ac5a18b07d0ea52d3a,a92fba712b32fbd74341be838a00781096f44f9a,112.64622352093647,55.30941398939177,22,0,0,0,12,12,5da138274db8ce0c98bbd3d2,F1
ca91fc2f06ad6e4e122bcbf33d50bc25d24c6e92,bd548fe8494f15b1d8f57f356aa0956b3031c09d,112.64622337267834,55.30941400080644,12,0,0,0,0,0,5da138274db8ce0c98bbd3d2,F1
8a217bbacb290278547fad8574d780d9a3e77f70,3f5121316a5f5444fe760e9e5050ed6cbafdc919,164.07633622638775,57.51346270481419,24,0,0,0,9,9,5da138274db8ce0c98bbd3d2,F1
ed8bce82c67a63bbbb236ab506c80a364bedff31,10e199423f2f4faf332e6ba49ef9a1c4678c5581,164.07631254207146,57.51349762221025,29,0,9,9,9,24,5da138274db8ce0c98bbd3d2,F1
13ab8989318fe457d1aeafe9b11c2a2d6bf4e5b7,5e622ad9754ed3fbbd407866d0a5436346d81ad4,164.07633947556815,57.51345925299484,24,0,9,9,9,24,5da138274db8ce0c98bbd3d2,F1
0987117920508f4733eb3a16aa9130f81d438a54,cbd172b5f3b8c159d41131159b521be901551208,160.9414744367057,70.08333767307978,35,0,0,7,7,7,5da138274db8ce0c98bbd3d2,F1
d60bdb2da157bb0054850de79763f0314c63953d,e204442d3250c46a7378299e93e8558f0fb722a1,164.0763393383538,57.513458582607946,9,0,0,0,0,0,5da138274db8ce0c98bbd3d2,F1
05e00dc94e93af0b6d9f7aba33fad3a3c19fcf1a,fb6433b7b79bc00e437edf4368267c2aa79320ac,155.38545980501317,55.37632118713209,10,0,0,9,10,10,5da138274db8ce0c98bbd3d2,F1
92caee8187461052cf10232bb53d19ee3738014e,28c1e79fcc172b4926dc8cff720f1feb253f63d4,112.64622337267834,55.30941400080644,12,0,0,0,0,12,5da138274db8ce0c98bbd3d2,F1
80799ea12ae9c4392440e9580103bf12a5f28530,3ee477b369ae18c1413a478c928a82adfc1287a0,159.2495829811942,68.820368952069,17,0,0,0,0,8,5da138274db8ce0c98bbd3d2,F1
53d31ad7f4dfaa090cb2177bba8b86bd638627c8,3728864a3232b7697e6ed5a48e72e53a1dabe045,159.25000920484226,68.81921689383275,17,0,0,0,0,8,5da138274db8ce0c98bbd3d2,F1
02fa04db8a25297b9b7489883ad2e1f6890f2d35,072d73158c5def2fdbc8710a1419cca8c0534ed7,164.0763393383538,57.513458582607946,9,0,0,0,0,0,5da138274db8ce0c98bbd3d2,F1
4302f67992a804e88d36e7f053efd1e0966e003b,a351845ba35e17332970c6ffaa8b1511b6da8030,182.27679717275797,84.66560134742434,38,0,3,10,17,18,5da138274db8ce0c98bbd3d2,F1
dce58606093353844ad1da8fab2220c7d096620f,bd21af76b039973be7f8fd1224f3a824cae6becd,164.5706778305046,57.25564349230672,24,0,0,0,0,0,5da138274db8ce0c98bbd3d2,F1
728824a1c70f9b4a2b86b7676186752d47b8f0bb,b3e89fb8e35d63eb00e9ea9cacd3904516d029d0,150.78800262986303,41.810931212583576,14,0,0,0,0,0,5da138274db8ce0c98bbd3d2,F1
7a0babfc22abceb3dfbe30d1e921f8cc472a18fb,44252962add50e45dda5d29654cf408da7f82bbd,153.05489998010168,48.731279756778875,9,0,0,0,0,0,5da138274db8ce0c98bbd3d2,F1
7e98a8d59185f861b93f7612881e6901ad685a66,5460c19d7e16bc25adff35076babe795ceeec1a5,177.73658822470713,75.49785981999754,24,0,0,7,9,24,5da138274db8ce0c98bbd3d2,F1
6516f13124863b6872f5f96ea7aa25d8d194e206,25da69a844222827446d52e48b392e1653ee89ed,164.07633933842098,57.51345858295178,9,0,0,0,0,0,5da138274db8ce0c98bbd3d2,F1
0d481af8eb819b9f0c72a1e75ae12815c58670ba,c8b2f2c8073ab155194a99205c33d967561147ec,165.69201541420807,68.96828844043229,28,0,0,0,0,0,5da138274db8ce0c98bbd3d2,F1
78bff69790a6ecb9304d5357a3094af09539b2df,9d76f33f2bb9c3fcf68b31f378773c7369c6efde,173.6334828099002,87.6692864974717,15,0,0,0,0,0,5da138274db8ce0c98bbd3d2,F1
7e949f228985b898ec47ecc3015cb7ca3f9d4edb,620493c8fe057db2262407174923523f094cfbbb,175.50925902848124,76.26427396766923,12,0,0,0,0,0,5da138274db8ce0c98bbd3d2,F1
124a3a133c92fbc951b1d20a1928db92eb96e097,924346244aca82924f6c430ecdfc079c116cfb92,164.0763393383538,57.513458582607946,9,0,0,0,0,0,5da138274db8ce0c98bbd3d2,F1
bd51575b264051f0e891c118abf1bf9e38e64b06,c6e55d4fe04f872d973890e16e74993fe3f85bce,173.6277584185792,87.67292561802306,15,0,0,0,0,9,5da138274db8ce0c98bbd3d2,F1
3cd33718efb0d9bd492c6c178ca80899cf7ad2d5,5e770608985a7e77c23526eac846348c8fe4c9fd,159.24941592841606,68.82082050096,17,0,0,0,0,8,5da138274db8ce0c98bbd3d2,F1
03a9f78f7b3a0a730ef08a2ad924bc6b005444bb,96233428ebdabf2023533ba6c7b2166638adfb67,174.69589801173484,72.75132913103457,27,0,0,0,0,4,5da138274db8ce0c98bbd3d2,F1
ee7929cef18bd1007cbda8ca0208846f8487ec62,9de418120d462737929110b934733009db9528e1,176.30419239986472,77.07019316779586,22,0,0,0,0,0,5da138274db8ce0c98bbd3d2,F1
e0eb993364a228b60777f3b7ade84885486a40ac,28506b6012c01b85cf2736c979fab78ed931c310,175.52133964397055,75.70858782146155,9,0,0,0,0,0,5da138274db8ce0c98bbd3d2,F1
7a58936410ffc25c3867f2827576fee0e05d5c69,02b070a47bc24ce72dcf52da8c852f31ee9adc73,55.9820667625518,74.43328649716665,11,0,0,0,0,0,5da138274db8ce0c98bbd3d2,F1
d6676afaf572f304c0c93b49f943893346b160f3,e09556ce31bb809ca4236a8300b968234d06e0f4,182.15659046103198,82.7944179777693,14,0,0,0,0,6,5da138274db8ce0c98bbd3d2,F1
b4a7f3648f19473817ca72f04a373994689a9f77,f45e4d7a30b0aab3a94f501da54115159febabb2,182.59307256712907,81.52253866954749,15,0,0,0,0,0,5da138274db8ce0c98bbd3d2,F1
b4a7f3648f19473817ca72f04a373994689a9f77,d8c90b2a7da26661c4ca7ac6f9f4a7ad6bb73c1a,182.36888626094438,82.9319749107362,6,0,0,0,0,0,5da138274db8ce0c98bbd3d2,F1
b4a7f3648f19473817ca72f04a373994689a9f77,e99cc8795adf885300ed722b86afaff7f2a54ee0,182.36888626110695,82.9319749100107,6,0,0,0,0,0,5da138274db8ce0c98bbd3d2,F1
b4a7f3648f19473817ca72f04a373994689a9f77,ba1c9c960f1b8ae76df1019e9894f879df8a599d,182.36888626110695,82.9319749100107,6,0,0,0,0,0,5da138274db8ce0c98bbd3d2,F1
2ea9258a0221d68498c8eea48d6829ebf55321da,bc28ee93a9b9090527a3218e02fbdc8797352b79,182.60447095104928,85.58890899429873,12,0,0,0,0,0,5da138274db8ce0c98bbd3d2,F1
ecd0a8fe9b3a7a2d4c11e40d903a2272a2f98ac6,835424a390fbba13a89705dc75b7b6e26db2d6a6,176.6405748625823,87.92052094998127,16,0,0,0,1,10,5da138274db8ce0c98bbd3d2,F1
3c028aee3cd6301c02265b8ef0b4933b75004ad8,6723a0da4933e056067907dea15edd11f4e0fea4,174.31806637826026,87.94156649008461,10,0,0,0,0,0,5da138274db8ce0c98bbd3d2,F1
4a77300e076388ff7b3e7e531357b676cfbd8baa,ac1ddeafb304dbbe44e44d036fd551ba20ab0a9a,182.60210210424336,81.48512866312366,15,0,0,0,0,0,5da138274db8ce0c98bbd3d2,F1
4a77300e076388ff7b3e7e531357b676cfbd8baa,bac09fd2b5a8c9f725753e5348774b36da96c278,182.36888626110695,82.9319749100107,6,0,0,0,0,0,5da138274db8ce0c98bbd3d2,F1
4a77300e076388ff7b3e7e531357b676cfbd8baa,5da37371df07a5e7de737850440a87aed09b58e0,182.36888626094438,82.9319749107362,6,0,0,0,0,0,5da138274db8ce0c98bbd3d2,F1
2ed9c96f43c9faa2a7258dcf6389b14998865ceb,dbdb9a692e2ee01eca9281f6cf5403f73b74a10d,182.47618991233267,81.74728227805033,15,0,0,0,0,0,5da138274db8ce0c98bbd3d2,F1
2ed9c96f43c9faa2a7258dcf6389b14998865ceb,d4cca18396b351305de5a2db8360e9a44cfdf1cd,182.36888626110695,82.9319749100107,6,0,0,0,0,0,5da138274db8ce0c98bbd3d2,F1
2ed9c96f43c9faa2a7258dcf6389b14998865ceb,e679c0bcd523ae678c5937a2375ee68387f19c8b,182.36888626094438,82.9319749107362,6,0,0,0,0,0,5da138274db8ce0c98bbd3d2,F1
2ed9c96f43c9faa2a7258dcf6389b14998865ceb,06aa8ebcd2081f4836074ebd2420677d3ac92135,182.36888626110695,82.9319749100107,6,0,0,0,0,0,5da138274db8ce0c98bbd3d2,F1
aafafc967c0f2145e095df212d664fba81a7ecb9,45e975aa06c5a1c41450b77405bb9275bf7c3449,182.32765568598143,86.6075530513052,5,0,0,0,0,0,5da138274db8ce0c98bbd3d2,F1
b0b9bda2f89a1204283077fa0cb6f36d51628070,e9932d655143d490af07d246c6ef93b57779f5b7,174.31806637815288,87.94156649040777,10,0,0,0,0,0,5da138274db8ce0c98bbd3d2,F1
6acf06b4be622f60a4ad0dcba18e404deeb4a7ac,f5027339289de0d4c6474410d2398bd85fd0b6d9,125.21103153413594,34.12681861687418,9,0,0,0,9,9,5da138274db8ce0c98bbd3d2,F1
453c5885412bcf10a56b4f1e52feb7206ef183aa,4cf871ed67b0c06a23ab3610d2842ee4b23fba8f,112.64622337267834,55.30941400080644,12,0,0,0,0,0,5da138274db8ce0c98bbd3d2,F1
40982b1d37dd063ed17a2a4cc6aa3862dd54c54d,d41a03d12c6ebe5c69305b570a314bf1d5bbe475,125.21103153413594,34.12681861687418,9,0,0,0,0,0,5da138274db8ce0c98bbd3d2,F1
ebc6550488d83c83a816b84c3165d6f9c29f050d,a28c0ddcb84b79d0ffe2fb9d3aac097fbafbe7f4,112.64622337267834,55.30941400080644,12,0,0,0,0,0,5da138274db8ce0c98bbd3d2,F1
a568485eaff4834f4146542acb58a8d89a2b0df6,f25ab4b269362fcc9bd60fb8c920492787653d4c,85.53874744239309,57.19632648056667,14,0,0,14,14,14,5da138274db8ce0c98bbd3d2,F1
86c65989964f433656439da13e64adeafa8fa303,2294c07dc6205c3a13b1db70fac6f001a94c8d1f,83.8843484309669,24.218496904712246,53,0,6,8,15,36,5da138274db8ce0c98bbd3d2,F2
4bc0ea7aef13b3cfa37ea1d754e280431b9896ff,a89bd41c9b13781262751bc49192eb1419736d3d,120.047870564236,34.503048658264,57,10,16,18,32,38,5da138274db8ce0c98bbd3d2,F2
8425fdab4e6f6c5c70d75084971f050923114220,8027b40316b1eacd8d3471b9fe95590ec758a4ac,99.34197655536137,17.01682779278233,72,0,15,16,25,29,5da138274db8ce0c98bbd3d2,F2
54dd32399229de83070b9fb39a4e6b32be45a73b,f036202a423fc7a2e9e041d94d288b55eb04aac7,78.64772282610765,24.101967602115458,64,1,18,28,43,58,5da138274db8ce0c98bbd3d2,F2
7224f997fc148baa0b7f81c1eda6fcc3fd003db0,135c2c32755c99b4d16e9efa4fda4b20dae49d5c,82.74381683396466,24.86290874941387,46,0,2,5,26,36,5da138274db8ce0c98bbd3d2,F2
1371925da8024564f95aaf4c63763ef582d76b25,382efac585001e10d78bcd3003cc97bc71338fac,73.81605292654723,22.364631582258255,5,0,0,0,0,5,5da138274db8ce0c98bbd3d2,F2
ecf49d8fd78d506ec0a933ac5a18b07d0ea52d3a,a92fba712b32fbd74341be838a00781096f44f9a,99.04337394105292,16.49320528565447,36,6,15,24,25,36,5da138274db8ce0c98bbd3d2,F2
e2c21195166d8623e063135f32f508ec3c846908,ac68ab1d72308be9794086c4337c4fd6a935df7f,69.16612774913754,21.6294004193813,38,0,3,19,30,30,5da138274db8ce0c98bbd3d2,F2
4b805d4e69a864c9bab8f8279eccded5f9529de6,97596f3e75a53bff27b2a7085686caedfca7e0a0,86.4611965146539,25.333114108825114,6,0,0,0,6,6,5da138274db8ce0c98bbd3d2,F2
453c5885412bcf10a56b4f1e52feb7206ef183aa,4cf871ed67b0c06a23ab3610d2842ee4b23fba8f,73.81605292502029,22.364631577453697,20,0,0,0,5,5,5da138274db8ce0c98bbd3d2,F2
92caee8187461052cf10232bb53d19ee3738014e,28c1e79fcc172b4926dc8cff720f1feb253f63d4,99.95596575788349,18.337930445677916,59,0,10,17,24,34,5da138274db8ce0c98bbd3d2,F2
3cfe0edf59bb9c7d003fc3559c29a1c72aa80c61,a722b6c2f23929c08cec687a1e16db19f6f7d18b,114.05824506634025,30.603800183025292,40,10,12,13,23,24,5da138274db8ce0c98bbd3d2,F2
285fdb686320a327cbc6ca176c680d634bb57ab0,2aced0625f13325d460fe23181b0d9d840c64328,85.23059917470836,13.198279096317309,47,0,0,18,30,37,5da138274db8ce0c98bbd3d2,F2
62145f5e86a703cbb55430133e3cd6b0cee285ea,a5807c9256378a479fd564f2daa7fd1b0613efdb,73.81605289920846,22.364631580766147,5,0,0,5,5,5,5da138274db8ce0c98bbd3d2,F2
877eecb5a094577e4b98ab581b41fc07f19f2746,eec54733c73feb248bd8e8fcd220ea47a809038b,81.07118650825552,11.385831089469693,64,0,7,7,13,46,5da138274db8ce0c98bbd3d2,F2
3189ae88a35958786a6c71012b31247182173656,9d31c36aaa1395a774cc5e1ebffda917b04ced4f,57.70948684313226,16.19922047358164,18,0,18,18,18,18,5da138274db8ce0c98bbd3d2,F2
ffc2a6b707a3c36cacbb3c4d6800a2e95ff4d052,8dec7e8a95464fc8205dff5f3bc469307f3ed71d,67.14838019358322,22.443924913153758,38,0,3,13,17,26,5da138274db8ce0c98bbd3d2,F2
9b50983cf06c23f3dc82908a7ace13d7d7340e65,6211744fd49179753bb05147d971b69b507d0ff0,93.61662881332501,20.24203554122264,86,0,0,16,36,59,5da138274db8ce0c98bbd3d2,F2
69729405bc2869d9c915cee1b7b1c237a11f2f6d,b94482d956861cfedfa53fefd89a7a7324c1f06c,31.317389261248824,10.879543296693514,30,0,0,0,0,0,5da138274db8ce0c98bbd3d2,F2
3a2d0d03ecf91b398e49ce0b6309d72fa45c2de1,fd70343b586e8ba646b1bd3c7486e3a804e0ba1a,30.22726882904295,14.058399460463194,26,0,0,0,14,14,5da138274db8ce0c98bbd3d2,F2
ff165dc80af53a4fa8c67876e1a94155292cae5d,4677d5401dba8cf527fac23e18a3d1818f372681,110.19167791333496,27.840564249197858,19,0,0,10,14,16,5da138274db8ce0c98bbd3d2,F2
9c9af79a0f31d03225863463e054252182fa28fd,ccbef43cf1e615638253b9b8bd287c4fff639fc5,82.37643077167448,11.551264800815487,26,0,0,0,11,15,5da138274db8ce0c98bbd3d2,F2
dc1533122080180c1e7a2699abea187253411938,959b50ef46727c1299ff254e42b1e0ef3780330d,37.63145420362924,34.120472602302726,42,0,0,0,0,0,5da138274db8ce0c98bbd3d2,F2
dc1533122080180c1e7a2699abea187253411938,515314c8c49b5b1e32fa23c0275a0a45dbbbde3b,16.936890270515143,41.275373623050214,54,0,0,0,0,0,5da138274db8ce0c98bbd3d2,F2
e1cbd808860d7b263153da1ceb1ded5230458553,8b3b4bb981b7dd7d4b8ac5de6fc94307e8ee8332,86.46119651319695,25.33311410736287,10,0,0,0,6,6,5da138274db8ce0c98bbd3d2,F2
e7d8282650d6f03126f517d2be5ee4e7a1021a02,6702fb29adcd4d534335efbfaa5085020420d785,77.32694791006323,12.03774484180891,38,3,4,12,18,31,5da138274db8ce0c98bbd3d2,F2
c096ed5f467b47560c503f6b1b7d9952ada84466,991256de278fd07d0f2e3a4bb3fefb3c943936d2,85.69242187768585,13.604411301310103,20,0,8,8,9,15,5da138274db8ce0c98bbd3d2,F2
8d034c32cfde7dae736e615758c9df61d18c2891,1d53bf3964c89d420fdf87e0704ec3677586648c,94.03828319833909,17.3677933164396,47,0,0,23,25,37,5da138274db8ce0c98bbd3d2,F2
336bcd53d913e8e2e3cb6d53ff8f80ed65885486,28c5a5301ff585753fd0727d64e1dd4b828368ac,103.11430622154748,19.691715298697822,40,0,0,0,34,40,5da138274db8ce0c98bbd3d2,F2
0987117920508f4733eb3a16aa9130f81d438a54,cbd172b5f3b8c159d41131159b521be901551208,122.4536586594784,43.3960540462836,73,14,25,32,57,65,5da138274db8ce0c98bbd3d2,F2
9ad96b188e6dc1d7b827cd07b64bd25d3bcddc1e,4a7beaf11c60a47d42894b546c7bb3a388a29dd9,97.4952698748435,10.816716949509212,80,0,2,19,54,71,5da138274db8ce0c98bbd3d2,F2
c332e9e5ddcd578c290739fd5dafdde0e3376e11,28ec3d3d264c01931d61ce5ec6882334c75e0496,67.47782406807801,17.915561094697495,81,0,0,0,0,4,5da138274db8ce0c98bbd3d2,F2
9c6a4dab5f3bb2a4d6a69c6a9bbaee251440750a,1710d771130c2c6d53169de0527d5a29dbf7fb13,79.53002918555123,14.2778664253352,35,0,0,15,16,17,5da138274db8ce0c98bbd3d2,F2
c5a904fb5d0d9e72b05323c2448d5dee6f815255,cfd4842b073175eb4f2e1ff3f773607fe0fe14c7,112.82465088952877,39.513856401330024,37,0,0,0,0,0,5da138274db8ce0c98bbd3d2,F2
53d31ad7f4dfaa090cb2177bba8b86bd638627c8,3728864a3232b7697e6ed5a48e72e53a1dabe045,122.6409589500816,24.119617972039862,69,6,10,18,53,58,5da138274db8ce0c98bbd3d2,F2
d070f7b60e9508c133655848d3b450927d6488a9,4cc4dbbff2b37164b754e6cb808f20ca65e144ed,136.48322667953224,38.02803487555978,79,4,8,11,36,63,5da138274db8ce0c98bbd3d2,F2
0cc9230049cde6ded64f4d5208058209602f3fcb,0361eaa6650d03356e99f4ac382cc5d79f8b6ca7,85.31151997296202,25.731458754563143,41,0,0,0,0,4,5da138274db8ce0c98bbd3d2,F2
b540e9289a016e7417c58337bdba699c727b7151,daa26e24a6305b5b38f5acf50986663985fff8e2,79.95496916879567,9.790987216653432,25,0,9,9,11,16,5da138274db8ce0c98bbd3d2,F2
c0040f93af672394b0b81f51339e9b8bae0d8dc1,b646b314121fe50574215120c499b2b7e38d7bc3,41.30005825962578,35.41176972319193,52,3,4,33,35,50,5da138274db8ce0c98bbd3d2,F2
e99ca96e970eebe73be30ea8dc8dce3c5df3eaaf,adbf69ce3a1392ff7fc84e3b4e2f0eff8de28819,39.108666263894555,33.1221792959288,30,0,0,0,0,20,5da138274db8ce0c98bbd3d2,F2
3cd33718efb0d9bd492c6c178ca80899cf7ad2d5,5e770608985a7e77c23526eac846348c8fe4c9fd,122.21041719732172,31.822173193984806,73,0,0,22,30,65,5da138274db8ce0c98bbd3d2,F2
d6676afaf572f304c0c93b49f943893346b160f3,e09556ce31bb809ca4236a8300b968234d06e0f4,139.56917183852636,45.99022488068288,66,0,2,10,28,36,5da138274db8ce0c98bbd3d2,F2
870142fced29526d27c9168721ec3b4d1a5034c7,b64e2abe7cbd2a17756c17d39684d1dc1575214b,73.80280534505613,10.224463266890186,20,0,0,0,0,5,5da138274db8ce0c98bbd3d2,F2
dfaba77cb9c380a8d4d8ed7130d850a8d5c9eaba,b9f12cd99c8fe777daf0d9c7a5d6ba6710628988,101.64972136711067,20.01571422036455,20,0,0,0,8,20,5da138274db8ce0c98bbd3d2,F2
c0c41b4a51d2441b814dbb560cfa91c9595d94f9,02bccbf1fc73021ad9004a987fb246d5d7c99a0a,58.67823713208322,16.85348904925693,24,0,4,4,4,24,5da138274db8ce0c98bbd3d2,F2
7c6cba07c21957bc5c1612a61dd6fb1cf519487c,684e18e3051a3843f9397c87a577078916898336,93.40095626158129,28.447196235949306,21,0,0,0,0,0,5da138274db8ce0c98bbd3d2,F2
7026921537fc3ea4896c2e79869eac1cff151a79,339b9c00f5e81a7bd821bb1ec19a07eb4d83f920,7.317558528408052,44.64460923322709,95,0,0,0,0,0,5da138274db8ce0c98bbd3d2,F2
fde90276b330826e063198554f3e84f0a43c5d5b,732a27d66756afe6c1c7a703bbdf1742aadaaa22,124.96764176306561,50.492572303398916,21,0,0,0,0,0,5da138274db8ce0c98bbd3d2,F2
5f95ce7ca226986baf4a7d70998924d3567c8ba2,291c166ca6602caa6e102ae2c2accdd46d32f23b,97.52605740212593,10.366683671048104,65,0,4,4,24,39,5da138274db8ce0c98bbd3d2,F2
40fde57d35de28dcea672b90589d5a0540468c7d,58a133c2c4b690c9f054131d7ce5ff1c21c9bda7,121.2706031643631,45.838116665522534,33,0,0,0,0,7,5da138274db8ce0c98bbd3d2,F2
dce58606093353844ad1da8fab2220c7d096620f,bd21af76b039973be7f8fd1224f3a824cae6becd,85.67428500823942,7.024484779615903e-08,70,15,17,32,44,55,5da138274db8ce0c98bbd3d2,F2
80799ea12ae9c4392440e9580103bf12a5f28530,3ee477b369ae18c1413a478c928a82adfc1287a0,134.04115201808852,41.604603189871504,45,0,4,18,25,38,5da138274db8ce0c98bbd3d2,F2
075341a55b2a68d71cd80a47b198b1b4ac56630d,bf8ce94f2366e3579735bc695f00262e0440aa67,86.4611965146539,25.333114108825114,6,0,0,0,0,0,5da138274db8ce0c98bbd3d2,F2
2f9b5aac1db3351d0816e03830170769b03f464d,992eaa71a19014e41883178ba2b40d33ef19d8f5,122.04480341825021,29.225327212540396,13,0,0,0,0,0,5da138274db8ce0c98bbd3d2,F2
8ee53ae10b497c4281e639b04e5dcfe801242d7b,da77b489e376d827adf26511dac44aed315cd8b6,38.59939269794439,33.6974239608501,47,0,0,19,39,39,5da138274db8ce0c98bbd3d2,F2
44b0e97801e4e548f875ae3c84302784805332f1,457ca68111c443eade65ae2318719946c9645077,83.73183079241952,15.268383526785126,47,0,0,0,22,22,5da138274db8ce0c98bbd3d2,F2
a2d06f2cf0af93a24ef157f8019a67ea5acb44d0,9d0e038f12ebae822d77686465ffe68bc6a7ac79,43.537605211098075,11.233610648634649,18,0,0,18,18,18,5da138274db8ce0c98bbd3d2,F2
3c72e5de7e78e0ef68633e9f9026bdb472bc2eaa,c008f29706e3811fb81a89b10588f32ec06f7a6a,30.18749372823235,14.169179382470524,14,0,0,0,0,0,5da138274db8ce0c98bbd3d2,F2
0ec2e79c7c06f634097c9afca81c5eeb0e0fe993,2dc97f5279b5b98ec48489b31f6246b0e6806ca5,41.11424667988363,35.20181080495218,50,0,0,0,3,23,5da138274db8ce0c98bbd3d2,F2
67aa85fc588f4e1e33013f84389ef6fed7704a5c,b79fe1def25521e490894a33b358ece2d02fb71a,33.81043127698521,25.431806942008688,58,9,21,37,43,53,5da138274db8ce0c98bbd3d2,F2
345ff7363367e0fd324a6296fcf751bbcad9cd27,361f631b6e9f7e568acb55bc1fa6278154a81c2c,30.187508184250422,14.169206725357194,18,14,14,14,18,18,5da138274db8ce0c98bbd3d2,F2
5c7cd16bb7dfb02c47e008ea8211ae88ea2fbc6f,426fdb571480ea199d84872f308657c93513bfa1,37.632013544725176,34.170147419496416,53,0,18,24,27,34,5da138274db8ce0c98bbd3d2,F2
969e7db823f65de56e1705da818302f0b9fa843b,0586fa3bf0acad835e506c8012031b24e4503dad,30.187494273218924,14.1691804782802,26,14,14,14,18,26,5da138274db8ce0c98bbd3d2,F2
3da45dd9c0d905b7c42682bf2d0c1e277d5e90f2,309c2edab08df67f5cc9d3f9d1d845f40b00029f,29.31663457334656,13.894808981617157,36,0,0,12,14,14,5da138274db8ce0c98bbd3d2,F2
c5390b95b224f836f292f435ff4422ce684dd2e2,318d4f8a2b7f594584a73399235e16efc8bea7f0,27.15379204615206,39.38248034064702,58,0,21,21,24,30,5da138274db8ce0c98bbd3d2,F2
00590d98d06855203642e9e0dbb19eca183bf989,6f06607af21981a12473c874de3d466693dc2fc3,58.53895656994742,26.305872095186917,9,0,0,0,0,0,5da138274db8ce0c98bbd3d2,F2
7d81ba2ed3bfd1cbfc1ce86de2e5bf404bdd2e61,41faa3273a792b0be14817e5bef3f5465b375d9c,39.98816986549129,34.53774724697062,33,0,0,0,0,0,5da138274db8ce0c98bbd3d2,F2
7d81ba2ed3bfd1cbfc1ce86de2e5bf404bdd2e61,d22c24d7a7bf107cc377ea3f19e243a3de982bfa,41.37626652181937,34.242416015683965,4,0,0,0,0,0,5da138274db8ce0c98bbd3d2,F2
da39a3ee5e6b4b0d3255bfef95601890afd80709,546100d79737a6d3fdbfcccf5f629499eafa2bc6,37.85005038869091,33.63800964281517,33,0,0,0,0,0,5da138274db8ce0c98bbd3d2,F2
da39a3ee5e6b4b0d3255bfef95601890afd80709,0e05805da9220ced694a3bf3ffdfaa978c6222e1,41.30081103441046,35.40981779380347,24,0,0,0,0,0,5da138274db8ce0c98bbd3d2,F2
da39a3ee5e6b4b0d3255bfef95601890afd80709,5adaa2388537a2b9e03c82164625ba83c58c8481,41.23866165981141,35.20609552707494,33,0,0,0,0,0,5da138274db8ce0c98bbd3d2,F2
da39a3ee5e6b4b0d3255bfef95601890afd80709,460990c9f3f8debd61a6ac27cc0b99aac84ba69c,13.273364386819967,35.27716033965652,4,0,0,4,4,4,5da138274db8ce0c98bbd3d2,F2
da39a3ee5e6b4b0d3255bfef95601890afd80709,3aab1fd96aa9e80d21270d26d9c2702ce237f87e,9.51763583899345,43.8852271344405,24,0,0,0,0,0,5da138274db8ce0c98bbd3d2,F2
da39a3ee5e6b4b0d3255bfef95601890afd80709,6d8b648e37373d5fe34ab9550ca0d3df96264a77,127.34472753350667,51.89527925952586,15,0,0,0,0,0,5da138274db8ce0c98bbd3d2,F2
da39a3ee5e6b4b0d3255bfef95601890afd80709,450be1194d6f20a3095d61cbb907001a036dacfb,91.94225833494696,1.1607281570123155e-07,15,0,0,0,0,0,5da138274db8ce0c98bbd3d2,F2
da39a3ee5e6b4b0d3255bfef95601890afd80709,01cd00c3d7964e51991d8c802e8668a48df7a106,91.94225833494696,1.1607281570123155e-07,15,0,0,0,0,0,5da138274db8ce0c98bbd3d2,F2
da39a3ee5e6b4b0d3255bfef95601890afd80709,3755a647adbff217e1894081b6294559f09ee299,118.95690865978558,32.61063684330533,12,0,0,0,0,0,5da138274db8ce0c98bbd3d2,F2
da39a3ee5e6b4b0d3255bfef95601890afd80709,d4d65e0b2fc51e2cb10af68e2e5685ca42f81d36,13.273364386819967,35.27716033965652,4,0,0,0,0,0,5da138274db8ce0c98bbd3d2,F2
218e8f2797931462a64db969bab83f3765231ba4,b69ece1c8d8b173299dea19799678b50d35de124,39.43126198656085,33.225745843917665,24,0,0,0,0,0,5da138274db8ce0c98bbd3d2,F2
8aefb06c426e07a0a671a1e2488b4858d694a730,c4ad7d22b7175027d00784d10a2751b5c8f9bcd2,128.3570798069291,53.143162475938034,21,0,0,0,0,0,5da138274db8ce0c98bbd3d2,F2
f726dfc9131c45a9b6847673e36d555b6b9e01ea,5587beaadf0243e7e0b44fedd793e336d108e803,58.67822653886566,16.853501078615388,10,0,0,0,0,4,5da138274db8ce0c98bbd3d2,F2
0649274c48f21f41d6d50f8f29be0a86e483a3fc,febf942c419a4e27e2211029f57182c460f54d85,39.0627813649331,33.14835730791748,47,20,26,27,33,34,5da138274db8ce0c98bbd3d2,F2
9bcdd7333ac9d925dccf267a8cc8f060765d6620,6e51149ef266315cd450f79ba1c034de3ee75c9b,34.45098080351329,34.776084535416196,34,0,0,0,21,30,5da138274db8ce0c98bbd3d2,F2
cde3cb3a05711b58d8f964943795db972863a349,2a5f5eacd04f3c99c55312cc3476b75e053d00d5,33.66387212196003,25.430251249230032,50,0,17,22,27,32,5da138274db8ce0c98bbd3d2,F2
febb2ae18b1cadc70b4a07aacdc7bb941db0fcfd,73cd2ea37c3fce337e41af40373b02731a096982,38.396100221847696,33.82264753557538,47,0,0,18,37,44,5da138274db8ce0c98bbd3d2,F2
188566ac1afe8b7bb7cb397f407d8aaf7ee8f91c,73be0d1eed52fbcea07c26614ae0c3e98253ed9c,39.33142652756326,32.951430694763296,30,0,0,0,0,0,5da138274db8ce0c98bbd3d2,F2
41683bb02d32b6ce9ecdca9f99def1fac4748364,e41bb44f2c96af59cd7b36c74d3e6874977910dd,31.475605580200195,25.236183592829963,53,0,0,0,26,43,5da138274db8ce0c98bbd3d2,F2
2d2e25a78fd051d3d902d578b9ea8a910bf0d40e,cd2bb0d9c6fc24ef7b3da57b106ebba2eb8395a4,8.060664435274782,43.45006253256758,17,0,0,0,0,0,5da138274db8ce0c98bbd3d2,F2
6d09e6231c2447fe1aaeb2fb1966b9279b106dfe,4183d38eb69d310c2fca41f23819ee51f1811254,39.36549374777274,32.938480153655604,21,0,0,0,0,0,5da138274db8ce0c98bbd3d2,F2
8f52c406c1c29a44c6891f50642548ac94941b25,d352c7ad3e7d2a9146fda1a2ef41890ce5ef8cb3,39.36549374777274,32.938480153655604,21,0,0,0,0,0,5da138274db8ce0c98bbd3d2,F2
55a9894809617191a1f086b8e5d5560aa21516e7,918a8ce1ad7ac16889f32a0bcafe1133ec8b1117,141.52422193648587,51.475799849559806,61,0,10,27,34,41,5da138274db8ce0c98bbd3d2,F2
34dfb11f8887bbe6456c7564dc4932c274e5a17f,bf7993358035105727cb28e7820647a6fa07bf09,30.45332897303108,24.610076705917045,53,0,0,6,20,22,5da138274db8ce0c98bbd3d2,F2
a071fea24ee159d87ca7446e50a32b1d8797c12a,4e47f39514ca3d0caee3c584df2c2d2f1f6f9819,29.132511898964587,25.55717101077626,44,0,0,23,25,44,5da138274db8ce0c98bbd3d2,F2
141d6d6bce4007bd0e50d1a014c01085f8aab9f0,1482d37232e99a0e59bf1872d82b3742e74e42f7,39.36549374777274,32.938480153655604,21,0,0,0,0,0,5da138274db8ce0c98bbd3d2,F2
10c4b50ffa20ff84ba982aedb2c1189dca60f652,e1278ae77e2b2b2ab893114a6916a3b68aabbc50,13.54175391267286,34.75894758753252,50,0,0,3,4,12,5da138274db8ce0c98bbd3d2,F2
1667fc9f713157cf16b7e17498a7e6bb9b2abd9a,1dbe44427272c043fd3637b06c01e8af32e585f9,37.84283543850094,33.499151603560684,30,0,0,0,0,0,5da138274db8ce0c98bbd3d2,F2
ff0260ad6b4306cfed68ac77bf917382b215d599,0a2ed2af3fe79fe9187d1c17b0824f51b7894986,37.29709488302246,34.702591232793566,33,0,0,0,0,0,5da138274db8ce0c98bbd3d2,F2
e1ce97c99da70691b94ee35b939dec11445f216f,aabd65fe893859c5bfe71e2273e9042a5150739e,28.38991223609698,28.417536650924085,47,0,0,14,23,25,5da138274db8ce0c98bbd3d2,F2
18236730386a55be5bf42ddbd2a12889a76724e6,8b793c6f66891c6894748214887df452c14f71af,130.15799932859323,40.72284211943901,11,0,0,0,0,0,5da138274db8ce0c98bbd3d2,F2
70730cb829c2ebc533ea5e75c3d529b546b9646f,6e66fdd4a561f92d2c48fd5c1bf1b45d74dee33c,36.90558368147898,35.31538250873915,13,0,0,0,0,0,5da138274db8ce0c98bbd3d2,F2
abc131e19e508989482485db9adcbda9627afc4d,2e9e92d23d75a97aa6c4c13735130a4dce5a7dee,41.23744060775732,35.29852552158929,33,0,0,0,0,0,5da138274db8ce0c98bbd3d2,F2
abc131e19e508989482485db9adcbda9627afc4d,ede47aa9c3d93b3b2f22a6ef604bcbe6af72419e,41.36165409162932,34.242783737549274,8,0,0,0,0,0,5da138274db8ce0c98bbd3d2,F2
1f753bc0b14766716fd6ab8dd4b1ef763c78475b,9e62f1ae2ae4af2b59861118a9cd0d1aeb10e3c7,36.83684980339143,35.2882366088297,33,0,0,0,0,0,5da138274db8ce0c98bbd3d2,F2
3852b041beab1ce43a30ee23a3c30042d3ed52bb,a33fb07f55ba985a32a9f8a660d3ad91a068116b,41.37626652181937,34.242416015683965,4,0,0,0,0,0,5da138274db8ce0c98bbd3d2,F2
ae4db790260c10f194689bb90c84501e10b5dc35,4f698550dc46ddde1a0cb53194c8c348371ece5f,41.04132345150967,34.611673366636154,24,0,0,0,0,0,5da138274db8ce0c98bbd3d2,F2
858677d1e986c0c28cdedbb1bc59b1ad47e986d1,1eb2b72b64a5af0cfab734e989e72ac711497625,40.79080002319088,34.374505964541385,13,0,0,0,0,0,5da138274db8ce0c98bbd3d2,F2
1acab325521b0a08863c5eb967acd76b98e12b28,ce75cbc687d4b53c3660212e72b1932ca4f6a76b,29.69499411161206,37.28511479678465,13,0,0,0,0,0,5da138274db8ce0c98bbd3d2,F2
385207b870156c465155db1ece54fb2f35dedcc7,b5fb30ed65952b1d66569a83ed7ccfb302655034,9.509036440098257,43.154341546698376,45,0,0,0,0,0,5da138274db8ce0c98bbd3d2,F2
1ca4f33d16586c62e99d799a190f089a29060908,ad380426ab2267863a45468970080bbb552fa002,21.405954456325127,39.68845279669642,13,0,0,0,0,0,5da138274db8ce0c98bbd3d2,F2
708059957eb25af751a7bd912503e466a76e3bea,33be8257cc9c99c85132279e68ecedf290c8a7cd,41.37626652181937,34.242416015683965,4,0,0,0,0,0,5da138274db8ce0c98bbd3d2,F2
f090d486f78b10ab98cd3a337fe2a29ff4d57afd,10d84e4a07454cc4a987992db1b4c76704554ff1,13.541712163229198,34.756824888374595,50,4,4,4,10,31,5da138274db8ce0c98bbd3d2,F2
85b482e39865d43924d2afa8bf727d20d1a4117a,bbfd4729ac6742a15b9a8a9446bfa93a177fac2f,127.34472636016241,51.89527234767371,24,0,0,0,0,0,5da138274db8ce0c98bbd3d2,F2
fdebac116f87f1bc34646d33cef3cd23553ad514,aa588a81a61d38f0483e2e5fec1ecfd76af84db1,39.36549374777274,32.938480153655604,21,0,0,0,0,0,5da138274db8ce0c98bbd3d2,F2
932392247b85cfa2c5766d47312c0fdf9b36cd81,5b924d0ce9e35f1c71312904004b235eb848264c,8.168976024302491,43.429669692985044,30,0,0,0,0,0,5da138274db8ce0c98bbd3d2,F2
76f2a0407a521e0d6e3280de9e2c1339b8123812,a4c0ee8bd5827ffbabbeb0581e2bacf90b114219,39.07365774292629,33.14498513699544,24,0,0,0,0,20,5da138274db8ce0c98bbd3d2,F2
7a58936410ffc25c3867f2827576fee0e05d5c69,02b070a47bc24ce72dcf52da8c852f31ee9adc73,39.36549374777274,32.938480153655604,21,0,0,0,0,0,5da138274db8ce0c98bbd3d2,F2
85f79d93b436cf74a7758b5cc5e73594616f660c,9e6da2d90a313ef692160806891f991aabdbc577,30.40112461333807,24.198687802317068,53,0,16,16,19,22,5da138274db8ce0c98bbd3d2,F2
12c6fc06c99a462375eeb3f43dfd832b08ca9e17,0e2881e98ac0a00b85f850105fb39e2dbae64db1,8.05913858346624,43.451489851651324,9,0,0,0,0,0,5da138274db8ce0c98bbd3d2,F2
93f8bb0eb2c659b85694486c41717eaf0fe23cd4,d67890d42d481271ef78a72eb607343aa3bbb721,41.29464326001681,35.38931323845328,33,0,0,0,0,0,5da138274db8ce0c98bbd3d2,F2
c1f8fd533acb6314497ae6108be0a9ab2bb52a34,6ea05aa91cef0d0caad4305b657759245ae4f839,41.28937877152609,35.39453561277714,48,0,0,0,0,0,5da138274db8ce0c98bbd3d2,F2
53ad4ccca4d76fc63f9fb33ae837e459f1d36853,a7a31b118cff24d443fc6e6a9a2836dbe41684da,39.36549374777274,32.938480153655604,21,0,0,0,0,0,5da138274db8ce0c98bbd3d2,F2
e6b15c116dff3e56864d2fe218a9772e089c733c,d684b7ab993568e41dd7b9fd001abe9a7d44a80f,28.066897349627872,27.572156015795706,60,0,0,0,13,33,5da138274db8ce0c98bbd3d2,F2
b57fc1a3c7f0e4240fcf6d3615657c5f577392c0,f8b5f480e44f67e7c1a01867c2e929ae154a1bf5,140.5800593877901,53.493051238058875,29,0,0,0,0,0,5da138274db8ce0c98bbd3d2,F2
0ad95afffbf5cc715f5a993d4a5155aad47f6cec,8cb40930bcbb80bfa8bb82eb6642a653e70ec48b,13.273548092981052,35.277206660131114,31,0,4,4,23,25,5da138274db8ce0c98bbd3d2,F2
7b5e68ca9b6f07031af1aae6f265a36fdeca783e,208328c48f6b28908923ac0fa0ceea21b0f21877,34.12651924112698,26.24202466067478,50,0,0,0,0,0,5da138274db8ce0c98bbd3d2,F2
e6ccbff664103e4095745e718c05dbe2449d8b49,ce76779fe106eb825e6cffd4e83ce136aede4e40,32.77778615688619,25.45208371197643,12,0,0,0,0,0,5da138274db8ce0c98bbd3d2,F2
bd51575b264051f0e891c118abf1bf9e38e64b06,c6e55d4fe04f872d973890e16e74993fe3f85bce,128.5074251611148,53.776378951156836,23,0,0,0,0,0,5da138274db8ce0c98bbd3d2,F2
945202cb533e6b454ab5646c32a5370a6cba516b,3b1dbd7e1ad78373bd5d4059636286612fdb1088,32.78549078490999,25.448702363727143,25,0,8,8,22,25,5da138274db8ce0c98bbd3d2,F2
f24620cd3f6663bdedd2c6329e507125bebeee13,de7ce83b2b2acedf5befe7d21d67a6a7c716fe77,29.212679457559243,27.94840185066142,18,0,0,0,0,0,5da138274db8ce0c98bbd3d2,F2
66570430a4f03702e861623afa9ac20338225b82,8bc8816ac68dd590e4af304aabbd99f5b0b29a40,29.311680123023166,13.943734233109877,46,0,12,29,37,39,5da138274db8ce0c98bbd3d2,F2
03c7dcd4b6c366d46bf95ed642af65791fc5014a,fdac8674271ebb9fe3903a2f899fea8c23aa6361,32.78538110801515,25.448813992131353,25,8,8,21,22,25,5da138274db8ce0c98bbd3d2,F2
64d856e29ff61384deca9aec01b46293528db55c,5a8fb10d71fd486df0c946535d20fac72f72050d,26.647950170124055,29.546012795149085,27,0,11,14,19,19,5da138274db8ce0c98bbd3d2,F2
b50bd3ef63374957bfa3a19706c30ec1bee29abb,c9aa78812ab8da3f3652d69f1a52f7dfd7fea548,59.32346143595829,17.043751689149182,44,3,3,16,17,27,5da138274db8ce0c98bbd3d2,F2
b50bd3ef63374957bfa3a19706c30ec1bee29abb,52c206b7a275a5abce409d013e00b12cab72bbaa,56.78440134859767,18.005007328310068,43,0,2,16,18,31,5da138274db8ce0c98bbd3d2,F2
191412bda74148da69af977560f1bcd4d2a0921a,f341636fdc212002c01c842bb624aa021f11375a,30.18864962110371,14.168840482161722,26,0,0,0,14,14,5da138274db8ce0c98bbd3d2,F2
2b2505199edc92ce2bc256be4c642d30f9a4dfd2,7612e912e3426cc916892ae3b2981a4f4725c9f8,29.212649511016576,27.948391300465957,14,0,0,0,0,0,5da138274db8ce0c98bbd3d2,F2
fb0ac83e18f655eddfd0607d34775c08a011473b,94fc6e6877e8db66495837aa89b22c97a8df2ce5,58.678251300306854,16.853497431906312,4,0,0,0,0,0,5da138274db8ce0c98bbd3d2,F2
6dcb4deb9a9cf10eb43e6709b89586698966655c,0d6faeb0cc1c2e70c121f5133adb9ae7d0a4ce5a,30.18749372823235,14.169179382470524,14,0,0,14,14,14,5da138274db8ce0c98bbd3d2,F2
61eac840dfde17dc558ffbc07476bef7aeb81d16,12a29e69e9190a41bf7d89a6f191b84cebdc3f62,48.64550730510243,19.59348607733849,21,0,0,0,4,7,5da138274db8ce0c98bbd3d2,F2
63323a5e6db19baa2c4ff92a11e018b99a30548f,41b83d9861c1df4cdcd8409b7bae5e70321b67b0,27.054689369096714,18.575258806454404,23,0,13,13,14,20,5da138274db8ce0c98bbd3d2,F2
b4174de77ccd9b38adb43e5d468914d18e9a2c8b,c725eb213713d64f61c19106a35c940288975414,127.34472753350667,51.89527925952586,15,0,0,0,0,0,5da138274db8ce0c98bbd3d2,F2
8360c0f1a56587687d3cc9ff4be4cbdcbb9252ae,801e70c5ecac690c72eb27395cbea3c64d3c1ae6,58.678251300306854,16.853497431906312,4,0,0,4,4,4,5da138274db8ce0c98bbd3d2,F2
f7231bf6b09c41a6c2e76d10050f5f3f9496e119,c36870e3678fc118a9bafac08557f322ea85d0f9,58.57606034533438,16.868656476047796,10,0,0,0,4,10,5da138274db8ce0c98bbd3d2,F2
f145d414892fe523606f9ea81581dbcbbe5e3a51,a56c2185f38d47da20c10081235abb66e7e746fc,58.678251300306854,16.853497431906312,4,0,0,0,0,0,5da138274db8ce0c98bbd3d2,F2
c9591b9254515064d4592ddd104580cc508b3e00,57fa0f8615096293aaaf8491765516ead979c6db,67.60138543453654,19.49093402125425,43,0,0,0,18,19,5da138274db8ce0c98bbd3d2,F2
b590f4a98f65c645c942e16dd26e90e272972541,79c8c235e9afcf7de42b9992a5bd4b44f223bb27,58.678251300306854,16.853497431906312,4,0,0,4,4,4,5da138274db8ce0c98bbd3d2,F2
b3841d7cb7684eb4dbe880e6c2cb80811781b242,62f18e05cbcdb4c0410c847f86be03febedb96b1,127.34472753350667,51.89527925952586,15,0,0,0,0,0,5da138274db8ce0c98bbd3d2,F2
0d2539d4889196a9eed46f9085b9f1fc9b120ec3,3b0c35180bdc4fa22267996f2929e63be5f02405,41.37626652181937,34.242416015683965,4,0,0,0,0,0,5da138274db8ce0c98bbd3d2,F2
9b5dd365e2d126639ed6d173cc4432fc0b92b289,5a98e30a604b292b06a65b64945814b439f5c907,140.430410103692,65.10433447526988,6,0,0,0,0,0,5da138274db8ce0c98bbd3d2,F2
9ca5eaedbb76304b396d74f186ccb8356dd69303,edb4da5cc52afcdb393c4a79886770a0c57330e4,29.69499411161206,37.28511479678465,13,0,0,0,0,0,5da138274db8ce0c98bbd3d2,F2
c8f7214e9542c30afaf17656142656b697e04078,605c8611c98a0b7651a5095f79a089c0b1527127,8.05913858346624,43.451489851651324,9,0,0,0,0,0,5da138274db8ce0c98bbd3d2,F2
b84e2527e8aaed2d61671103bbe46bf2585284a9,6eeb9a2ad642be9b0b56f8be57a2c5d23655f1d8,139.72821719617113,60.609165446526355,12,0,0,0,0,0,5da138274db8ce0c98bbd3d2,F2
0471315ef8e6f69061932836ac852b9ae75886e0,e1f6ffbbe0c7359fdb7c2935b3a373c522b9d717,41.37626652181937,34.242416015683965,4,0,0,0,0,0,5da138274db8ce0c98bbd3d2,F2
2ee0d2dca289c3eb54f4cc5e98db8d63e9b0794b,15dd7bef2baf31a1a1bab4e36695913eeb8f134d,41.37626652181937,34.242416015683965,4,0,0,0,0,0,5da138274db8ce0c98bbd3d2,F2
78bff69790a6ecb9304d5357a3094af09539b2df,9d76f33f2bb9c3fcf68b31f378773c7369c6efde,128.67389707111002,52.25220338502392,19,0,0,0,0,0,5da138274db8ce0c98bbd3d2,F2
07a4650a9e4e55db7b4157152fb2832aeb86a5c4,7b8c0a44f604665634614447cc164c8040697206,41.593093859113566,34.24915185652398,19,0,0,0,0,0,5da138274db8ce0c98bbd3d2,F2
81046abfd8b2dfed2304f3ab088cf08ea505c5e6,e4ab856ce981536f4fbfdf37797c13bf8bc914ce,41.37626652181937,34.242416015683965,4,0,0,0,0,0,5da138274db8ce0c98bbd3d2,F2
d27227648c292a6e6ad319e8addd07fabd032cd8,8a9fd19c0e6f9822ceac710eb2f113fbefbad8ae,127.34472753350667,51.89527925952586,15,0,0,0,0,0,5da138274db8ce0c98bbd3d2,F2
520ec0bf3eb007f52e2e756e35bcb8f9f0b81ada,37b91420b562f13fcf12f41e915de3d5b70bf140,8.05913858346624,43.451489851651324,9,0,0,0,0,0,5da138274db8ce0c98bbd3d2,F2
188920d0be9e975ea230eb24e37b0ff466098444,4e9106ed49f2fa8bf829fc6f21b48c41b338c184,41.37626652181937,34.242416015683965,4,0,0,0,0,0,5da138274db8ce0c98bbd3d2,F2
ffa218a48f758acbddabac091275a6c39bb149c7,f55171cf56b7adb382300b5939ab66fe98f348f4,127.44626516985313,51.57753620940239,19,0,0,0,0,0,5da138274db8ce0c98bbd3d2,F2
bc812b1b688a2855f8aa1e9388ebe689cc0c4437,9b549423ecaaf3a12befaf7e5a9205fa64d3520e,41.37626652181937,34.242416015683965,4,0,0,0,0,0,5da138274db8ce0c98bbd3d2,F2
1e1880f7eb04f7a6ab067113830dd48c72d5bc39,5d9ad976d06a0884c7daf7342ac3202f35adc533,140.430410103692,65.10433447526988,6,0,0,0,0,0,5da138274db8ce0c98bbd3d2,F2
467776503ea177fcf0934debc40b6697cb64dc4d,026ff92167f0afb71fa01b599b24361a6591c671,140.57979014594696,53.48923559742861,13,0,0,0,4,4,5da138274db8ce0c98bbd3d2,F2
03a9f78f7b3a0a730ef08a2ad924bc6b005444bb,96233428ebdabf2023533ba6c7b2166638adfb67,138.34972586102813,45.102159499255194,73,2,9,13,19,26,5da138274db8ce0c98bbd3d2,F2
ecd0a8fe9b3a7a2d4c11e40d903a2272a2f98ac6,835424a390fbba13a89705dc75b7b6e26db2d6a6,140.45742750353568,65.34391455930817,41,0,9,12,12,34,5da138274db8ce0c98bbd3d2,F2
e0eb993364a228b60777f3b7ade84885486a40ac,28506b6012c01b85cf2736c979fab78ed931c310,135.59084078902185,47.910821578126395,49,0,0,3,28,34,5da138274db8ce0c98bbd3d2,F2
4302f67992a804e88d36e7f053efd1e0966e003b,a351845ba35e17332970c6ffaa8b1511b6da8030,141.4365390088894,55.46096743433019,28,0,0,3,13,28,5da138274db8ce0c98bbd3d2,F2
0d481af8eb819b9f0c72a1e75ae12815c58670ba,c8b2f2c8073ab155194a99205c33d967561147ec,112.61681696791848,28.05975252991531,60,0,8,8,16,24,5da138274db8ce0c98bbd3d2,F2
ee7929cef18bd1007cbda8ca0208846f8487ec62,9de418120d462737929110b934733009db9528e1,127.01204575546795,40.017461026736314,37,0,0,11,16,19,5da138274db8ce0c98bbd3d2,F2
d60bdb2da157bb0054850de79763f0314c63953d,e204442d3250c46a7378299e93e8558f0fb722a1,85.54282649103328,2.3630397582888406e-07,61,0,14,14,28,42,5da138274db8ce0c98bbd3d2,F2
124a3a133c92fbc951b1d20a1928db92eb96e097,924346244aca82924f6c430ecdfc079c116cfb92,115.6550678169922,19.201360452697763,59,0,2,8,10,20,5da138274db8ce0c98bbd3d2,F2
958b660f4db40af4d8c8260b3c5e5f0f4c52bd61,7ad3c71d1883be74aa4199b4db8259ad3082f59a,118.01098525284955,32.054350373099666,25,0,0,0,0,0,5da138274db8ce0c98bbd3d2,F2
13ab8989318fe457d1aeafe9b11c2a2d6bf4e5b7,5e622ad9754ed3fbbd407866d0a5436346d81ad4,114.94769551551076,19.68017991753644,43,0,0,0,7,22,5da138274db8ce0c98bbd3d2,F2
63acfd00aa05295026e4f02c8e55fdbddccc0f5b,89351de1d5872e373fc7f41339246b1464c3f259,116.8810968204109,30.980642057292457,16,0,0,0,0,0,5da138274db8ce0c98bbd3d2,F2
4d6f193ebc4fa5c07b459bc029d28c42cb46d0fa,f798b9b97a756b6c65c62d91dd91ed365c1f8a7b,138.46784990125104,61.001533180219475,10,0,0,0,0,0,5da138274db8ce0c98bbd3d2,F2
6516f13124863b6872f5f96ea7aa25d8d194e206,25da69a844222827446d52e48b392e1653ee89ed,92.08065358791661,7.579664727010543e-08,43,0,0,0,15,25,5da138274db8ce0c98bbd3d2,F2
728824a1c70f9b4a2b86b7676186752d47b8f0bb,b3e89fb8e35d63eb00e9ea9cacd3904516d029d0,130.3166416894745,54.33460265958369,22,0,0,0,0,0,5da138274db8ce0c98bbd3d2,F2
3c028aee3cd6301c02265b8ef0b4933b75004ad8,6723a0da4933e056067907dea15edd11f4e0fea4,142.5974417196676,64.32126784895435,21,0,0,0,0,0,5da138274db8ce0c98bbd3d2,F2
3d4f2bf07dc1be38b20cd6e46949a1071f9d0e3d,b3681287dca25fae6039b5234db3736ff060a134,140.57972928632097,53.48892508573982,4,0,0,0,0,0,5da138274db8ce0c98bbd3d2,F2
b4a7f3648f19473817ca72f04a373994689a9f77,f45e4d7a30b0aab3a94f501da54115159febabb2,139.18549906359894,68.03194999354471,9,0,0,0,0,0,5da138274db8ce0c98bbd3d2,F2
b4a7f3648f19473817ca72f04a373994689a9f77,c6697f9034ccca2913996bbe3bcd49c0c1a86845,140.57972928632097,53.48892508573982,4,0,0,0,0,0,5da138274db8ce0c98bbd3d2,F2
4a77300e076388ff7b3e7e531357b676cfbd8baa,ac1ddeafb304dbbe44e44d036fd551ba20ab0a9a,140.430410103692,65.10433447526988,6,0,0,0,0,0,5da138274db8ce0c98bbd3d2,F2
4a77300e076388ff7b3e7e531357b676cfbd8baa,c412a11d40b70ba5fb892aacc8e65ec39a071973,140.57972928632097,53.48892508573982,4,0,0,0,0,0,5da138274db8ce0c98bbd3d2,F2
4a77300e076388ff7b3e7e531357b676cfbd8baa,5da37371df07a5e7de737850440a87aed09b58e0,140.430410103692,65.10433447526988,6,0,0,0,0,0,5da138274db8ce0c98bbd3d2,F2
fe534ddb8f521e50e7464559465c940e9d08bfc0,494138ee9458be001a7cdb84eafa51f435f30b39,140.74775947174118,64.85078715601978,9,0,0,0,0,0,5da138274db8ce0c98bbd3d2,F2
fe534ddb8f521e50e7464559465c940e9d08bfc0,79b2cf0354b6af1e23d81a4ad451a7ddb07d2500,140.430410103692,65.10433447526988,6,0,0,0,0,0,5da138274db8ce0c98bbd3d2,F2
2ed9c96f43c9faa2a7258dcf6389b14998865ceb,06aa8ebcd2081f4836074ebd2420677d3ac92135,140.57972928632097,53.48892508573982,4,0,0,0,0,0,5da138274db8ce0c98bbd3d2,F2
2ed9c96f43c9faa2a7258dcf6389b14998865ceb,dbdb9a692e2ee01eca9281f6cf5403f73b74a10d,139.74866689328812,66.76982085224644,9,0,0,0,0,0,5da138274db8ce0c98bbd3d2,F2
2ed9c96f43c9faa2a7258dcf6389b14998865ceb,e679c0bcd523ae678c5937a2375ee68387f19c8b,140.430410103692,65.10433447526988,6,0,0,0,0,0,5da138274db8ce0c98bbd3d2,F2
9aff962ab0b110289c76ca1fd18485e96aa16f4f,d398e0b628ef591ff1f89e1be4a098fcdc19aeac,100.29305628358703,8.34960655225496e-07,50,13,13,13,14,20,5da138274db8ce0c98bbd3d2,F2
7e949f228985b898ec47ecc3015cb7ca3f9d4edb,620493c8fe057db2262407174923523f094cfbbb,135.452127951481,47.77701210994182,35,3,11,14,15,22,5da138274db8ce0c98bbd3d2,F2
f21e068532e3145feb69f5dc5e7ac9e052c3c8fd,63d1fa25b777abd4f5143e9f89f14618cd10cbd3,123.72485487910934,48.08351498629539,10,0,0,0,0,10,5da138274db8ce0c98bbd3d2,F2
634903614f27b0cd70198408c850a6005fa22bd8,86bd11bbae3954664f77b8e2a9133f6a66bbe4dd,56.87225844775691,18.056628767112677,38,0,0,2,2,3,5da138274db8ce0c98bbd3d2,F2
7a0f26425ef5484a66303b3f0af0f6ff045e0a09,e5442ece827eb3999d76291969ee8c85682cc01e,136.79028129671062,42.49773601872891,32,0,0,0,0,5,5da138274db8ce0c98bbd3d2,F2
444d66d50aa517daed7fd36eb19a8857c2cd54e3,1fb5dbb9f57de806b941c545b39a3e5899804666,91.94225841163991,1.1616676991263703e-07,34,0,0,0,15,15,5da138274db8ce0c98bbd3d2,F2
8699b9fb2da9745ba8b36fb65ba0d19bab219c9f,d09f87aa8cb7c9fb181555e98b001c8380e215fe,133.35435191481793,43.40028586920504,14,0,0,0,7,14,5da138274db8ce0c98bbd3d2,F2
ed8bce82c67a63bbbb236ab506c80a364bedff31,10e199423f2f4faf332e6ba49ef9a1c4678c5581,91.9422583480809,1.161032150107487e-07,30,0,0,0,0,15,5da138274db8ce0c98bbd3d2,F2
b4f20d754bbde74d81d77241b239caa78a7d319d,730353ab095cf90849a74b1f54244717c1190a30,138.66376455758203,68.20293884605539,4,0,0,0,0,0,5da138274db8ce0c98bbd3d2,F2
05e00dc94e93af0b6d9f7aba33fad3a3c19fcf1a,fb6433b7b79bc00e437edf4368267c2aa79320ac,97.52512886922946,10.36581237108788,46,0,0,4,4,29,5da138274db8ce0c98bbd3d2,F2
e34afc30b7b931bc22fe36d42aa3b18932d0be4d,fc2b3e5378f8c57c53cc191996258752ab940b86,128.11141030710283,52.847244190317134,21,0,0,0,0,0,5da138274db8ce0c98bbd3d2,F2
067f2f2409d3d24c709bd7496120e88803a2eccf,8855bc9b7af3155737cb68d5ce2a7b0542c38934,122.28797485100162,26.726542439273512,14,0,0,0,0,0,5da138274db8ce0c98bbd3d2,F2
c846b47149c5446fd43f851d5be35bc00c296a57,d482dd1c63b98cac2722d413ccbb0a4974a5f560,127.34472753350667,51.89527925952586,15,0,0,0,0,0,5da138274db8ce0c98bbd3d2,F2
e8ea9355c1fcc94f6d0d2c4d881219137630af30,a0b5494cce79c6df7dcc2d3464a2ee651d8cc9b4,127.34472753350667,51.89527925952586,15,0,0,0,0,0,5da138274db8ce0c98bbd3d2,F2
ad7171d599f6621bfb889102e27730690a1a5fe2,68f19da3f52b04dbbdbdd7698520ee7203f50016,127.34472753350667,51.89527925952586,15,0,0,0,0,0,5da138274db8ce0c98bbd3d2,F2
4c16621717473aba93d7eef04e9ebbc7b5838406,093f70b90fd7f57e3c4b72265a544aa4a884d6bc,101.7399837751313,20.065762592124035,8,0,0,0,0,0,5da138274db8ce0c98bbd3d2,F2
a6af92160f87affdb1b1e98f93f267610c39f04a,76c6efed80f8da7c6edc52a3000d40fefaae0d38,91.94225833494696,1.1607281570123155e-07,15,0,0,0,0,0,5da138274db8ce0c98bbd3d2,F2
07dcff6eb9a27b67436c56de49b15ea36e024c7a,878be63d6bc4bc59501baa1873ad483e1a521085,91.94225833494696,1.1607281570123155e-07,15,0,0,0,0,0,5da138274db8ce0c98bbd3d2,F2
a4916f26ce83b93e4e1889037446fbf1fc9395cc,c07a3714486cc8418886e5a116a3486534565b49,30.956438297929346,13.767811306750874,18,0,0,0,0,14,5da138274db8ce0c98bbd3d2,F2
87f61d548cb3a373dc50ce649c5ff02ea24b63c4,663f1672ebe5b096635e625d397818c9ff99fbb4,58.678251300306854,16.853497431906312,4,0,0,0,4,4,5da138274db8ce0c98bbd3d2,F2
cb4933579fa60fe7a31125422579ba40212108d9,d3d3f6fa8441b2090d93e86945b9d4262c326417,58.678251300306854,16.853497431906312,4,0,0,0,4,4,5da138274db8ce0c98bbd3d2,F2
0b57a3a005b81cc70ac6038e44e21d13f8592b86,55c8e44b230505370112f0055ef6286abb8559bf,58.678251300306854,16.853497431906312,4,0,0,0,0,4,5da138274db8ce0c98bbd3d2,F2
f809abcad6ad61b84cf5a8364a20597c19328ae9,bcb9b55d08d0e2a5ff8587af69bb11f65d58c563,58.678251300306854,16.853497431906312,4,0,0,0,0,4,5da138274db8ce0c98bbd3d2,F2
234f6ef372621a5cdeb33802591262c9d7c1e2d1,b7be19971838868fabe8c0cb5f8331cf0fc31615,29.21264951051813,27.94839129999017,14,0,0,0,0,14,5da138274db8ce0c98bbd3d2,F2
c532fc40d9aec596a77b1eb0fff16832156feb17,8024aacedea119fbc4b49a6a986b480bab7d674f,29.21264951051813,27.94839129999017,14,0,0,0,0,0,5da138274db8ce0c98bbd3d2,F2
a568485eaff4834f4146542acb58a8d89a2b0df6,f25ab4b269362fcc9bd60fb8c920492787653d4c,29.212649511016576,27.948391300465957,14,0,0,0,0,0,5da138274db8ce0c98bbd3d2,F2
d72f5c7838855838c7c7c86b717523c7183fb3c0,511a5396b76a940575b5159c9ca02c2058592281,29.21264951051813,27.94839129999017,14,0,0,0,0,0,5da138274db8ce0c98bbd3d2,F2
708c3f8c5e566994a0f07b6a0296d851d94063bc,ba84eed0e8c8238be7ae88738b267f44104c55b6,32.780077909079886,25.451025599155766,25,0,0,0,8,11,5da138274db8ce0c98bbd3d2,F2
0a1a84a195e6fab86e673ad809eccde297df50a3,253954c516f7771388c27af003bef6ce1d493122,32.77080755412292,25.46280949736651,25,0,0,0,0,8,5da138274db8ce0c98bbd3d2,F2
53cfd6063410fe97557b37fd8e827a42ef43296f,2f5309c048a11329760190d277f239acac04fd9e,29.56594721979621,27.706803053300327,22,0,0,0,0,0,5da138274db8ce0c98bbd3d2,F2
05341ab634de98f0bc3e951c098edbb69deeb945,1bd74a75e2391fadfe3f3f7b3538303a30cd38fa,13.273364537243122,35.277160258045924,12,0,0,4,4,4,5da138274db8ce0c98bbd3d2,F2
8245c8c98d2a45588091666109649223c2a05ef0,ba997b5f3d466745cc2fa7d0a8ab7b2731f22216,8.05913860824381,43.45148985935015,9,0,0,0,0,0,5da138274db8ce0c98bbd3d2,F2
f466b927afc69f44a9370ced061bc3014c75f481,c16c8d4636fc189197e59fb4ca3de84f30335293,8.05913860824381,43.45148985935015,9,0,0,0,0,0,5da138274db8ce0c98bbd3d2,F2
aa31bb55b9075f3502a8fcb43b87197a06bebcf0,f4a6b7b4b7c6304510d0e0006850939a8b0bbdd8,29.2126495166534,27.94839129605023,22,0,0,0,0,14,5da138274db8ce0c98bbd3d2,F2
ca2677721845fc70e88dc9671e3c53ddfc200c79,e0bb252a6110256e768e06bb9b733592a3ab63cb,47.86758308000745,19.622514978847363,20,0,0,0,6,6,5da138274db8ce0c98bbd3d2,F2
ff575fa5aaea9a62870d4c36a8a70b489cc911e6,462bfd3d0788f997798912ea8ab0c51dfb49a41f,13.273364386819967,35.27716033965652,4,0,0,0,0,0,5da138274db8ce0c98bbd3d2,F2
b73474274a214041ae83dc287632787b479f9970,6b164d67eb1bf4df187737e8bb9e9cbe26b98b36,91.94225838308463,1.1596223515267138e-07,15,0,0,0,0,0,5da138274db8ce0c98bbd3d2,F2
9a6e5e52b3f9aa7cee7f31241ab26aa621fbacf8,5aa56dfbe19dd2f9b1e7b9bc09c9d334bc24cc25,11.747235142856772,50.62767223168263,24,0,0,6,6,6,5da138274db8ce0c98bbd3d2,F3
7b5e68ca9b6f07031af1aae6f265a36fdeca783e,208328c48f6b28908923ac0fa0ceea21b0f21877,22.361743193167808,40.78713945705645,27,2,2,13,20,22,5da138274db8ce0c98bbd3d2,F3
fb0ac83e18f655eddfd0607d34775c08a011473b,94fc6e6877e8db66495837aa89b22c97a8df2ce5,79.77126216898526,22.2331588408098,27,0,8,18,19,21,5da138274db8ce0c98bbd3d2,F3
0649274c48f21f41d6d50f8f29be0a86e483a3fc,febf942c419a4e27e2211029f57182c460f54d85,11.803249609047727,50.59643701622441,8,0,0,0,0,0,5da138274db8ce0c98bbd3d2,F3
01c863f1744ca90b0656ac90b10873088e573c7e,d185803fab21e3213e434c84d4be8af9b4bd22ed,79.36092132861982,22.266516316301917,21,0,0,0,21,21,5da138274db8ce0c98bbd3d2,F3
520ec0bf3eb007f52e2e756e35bcb8f9f0b81ada,37b91420b562f13fcf12f41e915de3d5b70bf140,11.74723513084742,50.627672241155466,6,0,0,0,0,0,5da138274db8ce0c98bbd3d2,F3
dc1533122080180c1e7a2699abea187253411938,959b50ef46727c1299ff254e42b1e0ef3780330d,13.939138541749637,49.439244005552716,10,0,0,0,0,0,5da138274db8ce0c98bbd3d2,F3
dc1533122080180c1e7a2699abea187253411938,515314c8c49b5b1e32fa23c0275a0a45dbbbde3b,60.99296722610539,23.830703939249112,19,0,0,0,0,0,5da138274db8ce0c98bbd3d2,F3
9ca5eaedbb76304b396d74f186ccb8356dd69303,edb4da5cc52afcdb393c4a79886770a0c57330e4,40.52513298263014,34.61755583624662,8,0,0,0,0,0,5da138274db8ce0c98bbd3d2,F3
0471315ef8e6f69061932836ac852b9ae75886e0,e1f6ffbbe0c7359fdb7c2935b3a373c522b9d717,40.0407492721044,34.87442462442014,8,0,0,0,0,0,5da138274db8ce0c98bbd3d2,F3
218e8f2797931462a64db969bab83f3765231ba4,b69ece1c8d8b173299dea19799678b50d35de124,22.41004580382863,40.35884954871806,20,0,0,0,0,0,5da138274db8ce0c98bbd3d2,F3
62145f5e86a703cbb55430133e3cd6b0cee285ea,a5807c9256378a479fd564f2daa7fd1b0613efdb,22.426644184954494,40.362482739338034,28,0,0,0,0,4,5da138274db8ce0c98bbd3d2,F3
1667fc9f713157cf16b7e17498a7e6bb9b2abd9a,1dbe44427272c043fd3637b06c01e8af32e585f9,11.74723513084742,50.627672241155466,6,0,0,0,0,0,5da138274db8ce0c98bbd3d2,F3
48478027fd2fa5d5660aa01ab25f90a265e11dbb,38ca404793b9087507f2bb9278d5fa5bb7dced79,11.74723513084742,50.627672241155466,6,0,0,0,0,0,5da138274db8ce0c98bbd3d2,F3
7d81ba2ed3bfd1cbfc1ce86de2e5bf404bdd2e61,d22c24d7a7bf107cc377ea3f19e243a3de982bfa,11.747235131401734,50.627672241044195,6,0,0,0,0,0,5da138274db8ce0c98bbd3d2,F3
7d81ba2ed3bfd1cbfc1ce86de2e5bf404bdd2e61,41faa3273a792b0be14817e5bef3f5465b375d9c,40.80352992854447,34.470881170481015,2,0,0,0,0,0,5da138274db8ce0c98bbd3d2,F3
da39a3ee5e6b4b0d3255bfef95601890afd80709,3aab1fd96aa9e80d21270d26d9c2702ce237f87e,11.781174547556947,50.608740294642764,8,0,0,0,0,0,5da138274db8ce0c98bbd3d2,F3
da39a3ee5e6b4b0d3255bfef95601890afd80709,5adaa2388537a2b9e03c82164625ba83c58c8481,40.80352992854447,34.470881170481015,2,0,0,0,0,0,5da138274db8ce0c98bbd3d2,F3
da39a3ee5e6b4b0d3255bfef95601890afd80709,d36f6f27962e73f820aed7daa846e5094a523d74,49.854852924066705,26.465719534819648,9,0,0,0,0,0,5da138274db8ce0c98bbd3d2,F3
da39a3ee5e6b4b0d3255bfef95601890afd80709,546100d79737a6d3fdbfcccf5f629499eafa2bc6,40.80352992854447,34.470881170481015,2,0,0,0,0,0,5da138274db8ce0c98bbd3d2,F3
da39a3ee5e6b4b0d3255bfef95601890afd80709,0e05805da9220ced694a3bf3ffdfaa978c6222e1,40.80352992854447,34.470881170481015,2,0,0,0,0,0,5da138274db8ce0c98bbd3d2,F3
da39a3ee5e6b4b0d3255bfef95601890afd80709,072ecff4722ad7e158e1cdc4f5c9c99cacab960b,116.56413126504026,39.79027695357376,22,0,0,0,0,10,5da138274db8ce0c98bbd3d2,F3
7a58936410ffc25c3867f2827576fee0e05d5c69,02b070a47bc24ce72dcf52da8c852f31ee9adc73,40.76601379322019,34.49060555146094,8,0,0,0,0,0,5da138274db8ce0c98bbd3d2,F3
6d09e6231c2447fe1aaeb2fb1966b9279b106dfe,4183d38eb69d310c2fca41f23819ee51f1811254,11.74723513084742,50.627672241155466,6,0,0,0,0,0,5da138274db8ce0c98bbd3d2,F3
be339d9a22d1503e4376779ea9a60c9e40071ee6,b30e984b9744ffd8a6c79a0bf5b0ca7d8c01f517,136.19880932060067,55.21917306229414,17,0,0,0,0,0,5da138274db8ce0c98bbd3d2,F3
8f52c406c1c29a44c6891f50642548ac94941b25,d352c7ad3e7d2a9146fda1a2ef41890ce5ef8cb3,11.74723513084742,50.627672241155466,6,0,0,0,0,0,5da138274db8ce0c98bbd3d2,F3
7ce05e88c2af9249dc7989de3f896dd1578cc523,2ed70bc2a8fbfb3bcc1482c8e489042a3fe3ee13,40.80352992854447,34.470881170481015,2,0,0,0,0,0,5da138274db8ce0c98bbd3d2,F3
40fde57d35de28dcea672b90589d5a0540468c7d,58a133c2c4b690c9f054131d7ce5ff1c21c9bda7,118.42070753271797,41.329851421501125,20,0,0,0,0,0,5da138274db8ce0c98bbd3d2,F3
41683bb02d32b6ce9ecdca9f99def1fac4748364,e41bb44f2c96af59cd7b36c74d3e6874977910dd,49.884504140002925,26.356266660343977,15,0,0,0,0,0,5da138274db8ce0c98bbd3d2,F3
124a3a133c92fbc951b1d20a1928db92eb96e097,924346244aca82924f6c430ecdfc079c116cfb92,129.8675904325298,48.47769909426948,30,6,9,11,12,18,5da138274db8ce0c98bbd3d2,F3
fd7d7413e84d88aa58698ef0b2ccbec2f2bc6d6e,1b8404b5658e2b01e257639855aee2218e5ee8a5,64.13392580294654,22.114222990597465,26,0,0,0,0,8,5da138274db8ce0c98bbd3d2,F3
f24620cd3f6663bdedd2c6329e507125bebeee13,de7ce83b2b2acedf5befe7d21d67a6a7c716fe77,86.69443004524572,23.902478510845896,27,0,7,18,18,21,5da138274db8ce0c98bbd3d2,F3
b57fc1a3c7f0e4240fcf6d3615657c5f577392c0,f8b5f480e44f67e7c1a01867c2e929ae154a1bf5,135.7633553069845,62.180140330753474,7,0,0,0,0,0,5da138274db8ce0c98bbd3d2,F3
c5a904fb5d0d9e72b05323c2448d5dee6f815255,cfd4842b073175eb4f2e1ff3f773607fe0fe14c7,123.87136339468876,44.89137279473063,31,0,0,0,0,0,5da138274db8ce0c98bbd3d2,F3
f0d31f29854ad142f9799a81fb74294d5948025c,fe80eec3e54c690362897eea7ced07adb2c7f1b2,112.83823281921529,37.67769458431659,3,0,0,0,0,0,5da138274db8ce0c98bbd3d2,F3
07a4650a9e4e55db7b4157152fb2832aeb86a5c4,7b8c0a44f604665634614447cc164c8040697206,11.74723513084742,50.627672241155466,6,0,0,0,0,0,5da138274db8ce0c98bbd3d2,F3
8245c8c98d2a45588091666109649223c2a05ef0,ba997b5f3d466745cc2fa7d0a8ab7b2731f22216,11.74723513084742,50.627672241155466,6,0,0,0,0,0,5da138274db8ce0c98bbd3d2,F3
b4174de77ccd9b38adb43e5d468914d18e9a2c8b,c725eb213713d64f61c19106a35c940288975414,136.12426183065136,54.487097928787,10,0,0,0,0,0,5da138274db8ce0c98bbd3d2,F3
1acab325521b0a08863c5eb967acd76b98e12b28,ce75cbc687d4b53c3660212e72b1932ca4f6a76b,39.98532175489982,34.71155457413524,6,0,0,0,0,0,5da138274db8ce0c98bbd3d2,F3
61eac840dfde17dc558ffbc07476bef7aeb81d16,12a29e69e9190a41bf7d89a6f191b84cebdc3f62,53.25352565787185,23.297280947120253,32,0,12,18,19,25,5da138274db8ce0c98bbd3d2,F3
842cc35b175e3c6ac40f808f144c953d3c50a15c,bad6ccaaa34f77b9da727d7ad4981d54811aa78a,11.031920346519241,40.95654364404813,11,0,0,0,0,0,5da138274db8ce0c98bbd3d2,F3
453c5885412bcf10a56b4f1e52feb7206ef183aa,4cf871ed67b0c06a23ab3610d2842ee4b23fba8f,72.69472589287459,21.476710508199453,33,0,0,0,0,8,5da138274db8ce0c98bbd3d2,F3
67aa85fc588f4e1e33013f84389ef6fed7704a5c,b79fe1def25521e490894a33b358ece2d02fb71a,65.45979006739778,21.840806692735764,22,0,0,0,0,10,5da138274db8ce0c98bbd3d2,F3
5c7cd16bb7dfb02c47e008ea8211ae88ea2fbc6f,426fdb571480ea199d84872f308657c93513bfa1,32.765373487832846,36.32773384204672,15,0,0,0,0,0,5da138274db8ce0c98bbd3d2,F3
bd51575b264051f0e891c118abf1bf9e38e64b06,c6e55d4fe04f872d973890e16e74993fe3f85bce,124.14705217962809,50.40056233499477,23,0,0,0,0,0,5da138274db8ce0c98bbd3d2,F3
febb2ae18b1cadc70b4a07aacdc7bb941db0fcfd,73cd2ea37c3fce337e41af40373b02731a096982,11.74723513084742,50.627672241155466,6,0,0,0,0,0,5da138274db8ce0c98bbd3d2,F3
8360c0f1a56587687d3cc9ff4be4cbdcbb9252ae,801e70c5ecac690c72eb27395cbea3c64d3c1ae6,57.72099865982437,24.0166023592223,28,0,0,0,0,15,5da138274db8ce0c98bbd3d2,F3
1d16448247b63a4e4b23f324fa27f24cc957f740,4ce1929dfed736397f07773a76f15d5e5fb45b39,17.66166423676649,47.45643418409975,8,0,0,0,0,0,5da138274db8ce0c98bbd3d2,F3
c5390b95b224f836f292f435ff4422ce684dd2e2,318d4f8a2b7f594584a73399235e16efc8bea7f0,40.799809624451264,34.47289950266034,17,0,0,0,0,0,5da138274db8ce0c98bbd3d2,F3
2d2e25a78fd051d3d902d578b9ea8a910bf0d40e,cd2bb0d9c6fc24ef7b3da57b106ebba2eb8395a4,49.780261674151305,27.0092114692332,10,0,0,0,0,0,5da138274db8ce0c98bbd3d2,F3
ee7929cef18bd1007cbda8ca0208846f8487ec62,9de418120d462737929110b934733009db9528e1,134.85218522656766,57.04493659879365,21,0,12,15,16,17,5da138274db8ce0c98bbd3d2,F3
93f8bb0eb2c659b85694486c41717eaf0fe23cd4,d67890d42d481271ef78a72eb607343aa3bbb721,40.074642442912996,34.87177505204706,24,0,0,0,0,0,5da138274db8ce0c98bbd3d2,F3
9bcdd7333ac9d925dccf267a8cc8f060765d6620,6e51149ef266315cd450f79ba1c034de3ee75c9b,11.355656415359329,50.92746045334573,9,0,0,0,0,0,5da138274db8ce0c98bbd3d2,F3
e34afc30b7b931bc22fe36d42aa3b18932d0be4d,fc2b3e5378f8c57c53cc191996258752ab940b86,123.26422276813402,44.58079337487439,24,0,0,0,0,0,5da138274db8ce0c98bbd3d2,F3
ee2b02f819225dbbdc048563154d6ac22aa580f0,c830fa5da7b6289329a3276156e2ecb8348e4857,13.752106721041287,49.53713020158103,8,0,0,0,0,0,5da138274db8ce0c98bbd3d2,F3
d6676afaf572f304c0c93b49f943893346b160f3,e09556ce31bb809ca4236a8300b968234d06e0f4,124.68571571249069,45.49317839042842,16,0,0,0,0,0,5da138274db8ce0c98bbd3d2,F3
9c9af79a0f31d03225863463e054252182fa28fd,ccbef43cf1e615638253b9b8bd287c4fff639fc5,68.28225825298705,23.106083066555886,39,0,0,0,0,8,5da138274db8ce0c98bbd3d2,F3
9712e713e4bd8ba450de1ddec7f780963651e4e4,62a2f5b1a97d1a58100c9f721ec4930806faa3e6,11.746121370758267,50.62920462116782,16,0,0,0,0,0,5da138274db8ce0c98bbd3d2,F3
87f61d548cb3a373dc50ce649c5ff02ea24b63c4,663f1672ebe5b096635e625d397818c9ff99fbb4,66.4855858434512,21.754838894154616,16,0,0,0,0,0,5da138274db8ce0c98bbd3d2,F3
d070f7b60e9508c133655848d3b450927d6488a9,4cc4dbbff2b37164b754e6cb808f20ca65e144ed,120.49689250402652,42.821552871429276,26,0,0,0,2,11,5da138274db8ce0c98bbd3d2,F3
0ec2e79c7c06f634097c9afca81c5eeb0e0fe993,2dc97f5279b5b98ec48489b31f6246b0e6806ca5,20.489729645632565,41.5615985856223,22,0,0,3,11,17,5da138274db8ce0c98bbd3d2,F3
55a9894809617191a1f086b8e5d5560aa21516e7,918a8ce1ad7ac16889f32a0bcafe1133ec8b1117,137.01256695708923,64.41676362809574,22,0,0,0,0,6,5da138274db8ce0c98bbd3d2,F3
188566ac1afe8b7bb7cb397f407d8aaf7ee8f91c,73be0d1eed52fbcea07c26614ae0c3e98253ed9c,11.74723513084742,50.627672241155466,6,0,0,0,0,0,5da138274db8ce0c98bbd3d2,F3
ff165dc80af53a4fa8c67876e1a94155292cae5d,4677d5401dba8cf527fac23e18a3d1818f372681,54.439055526150206,24.972620453626156,22,0,0,0,0,0,5da138274db8ce0c98bbd3d2,F3
34dfb11f8887bbe6456c7564dc4932c274e5a17f,bf7993358035105727cb28e7820647a6fa07bf09,22.378740107267557,40.77798250925212,17,0,0,0,0,0,5da138274db8ce0c98bbd3d2,F3
3852b041beab1ce43a30ee23a3c30042d3ed52bb,a33fb07f55ba985a32a9f8a660d3ad91a068116b,34.07991665452893,38.17846553465165,8,0,0,0,0,0,5da138274db8ce0c98bbd3d2,F3
549843ddfef8fcf36afa56c6286f2689537c8b2c,8bce868a2fc6a703b184fe15c3b85026efc45d51,11.74723513084742,50.627672241155466,6,0,0,0,0,0,5da138274db8ce0c98bbd3d2,F3
d27227648c292a6e6ad319e8addd07fabd032cd8,8a9fd19c0e6f9822ceac710eb2f113fbefbad8ae,135.7633553069845,62.180140330753474,7,0,0,0,0,0,5da138274db8ce0c98bbd3d2,F3
7e949f228985b898ec47ecc3015cb7ca3f9d4edb,620493c8fe057db2262407174923523f094cfbbb,132.24668169382153,50.46431477377542,28,0,6,17,18,20,5da138274db8ce0c98bbd3d2,F3
f090d486f78b10ab98cd3a337fe2a29ff4d57afd,10d84e4a07454cc4a987992db1b4c76704554ff1,11.586372770553078,39.77565325967549,4,0,0,0,0,0,5da138274db8ce0c98bbd3d2,F3
e8ea9355c1fcc94f6d0d2c4d881219137630af30,a0b5494cce79c6df7dcc2d3464a2ee651d8cc9b4,136.9614904540115,64.36918246982806,21,0,0,0,0,0,5da138274db8ce0c98bbd3d2,F3
7026921537fc3ea4896c2e79869eac1cff151a79,339b9c00f5e81a7bd821bb1ec19a07eb4d83f920,122.83204719977131,44.34278876562095,29,0,0,0,0,0,5da138274db8ce0c98bbd3d2,F3
abc131e19e508989482485db9adcbda9627afc4d,2e9e92d23d75a97aa6c4c13735130a4dce5a7dee,42.91891992059823,36.47181884010375,10,0,0,0,0,0,5da138274db8ce0c98bbd3d2,F3
858677d1e986c0c28cdedbb1bc59b1ad47e986d1,1eb2b72b64a5af0cfab734e989e72ac711497625,40.80352992854447,34.470881170481015,2,0,0,0,0,0,5da138274db8ce0c98bbd3d2,F3
0d2539d4889196a9eed46f9085b9f1fc9b120ec3,3b0c35180bdc4fa22267996f2929e63be5f02405,40.80352992854447,34.470881170481015,2,0,0,0,0,0,5da138274db8ce0c98bbd3d2,F3
1f753bc0b14766716fd6ab8dd4b1ef763c78475b,9e62f1ae2ae4af2b59861118a9cd0d1aeb10e3c7,40.80352992854447,34.470881170481015,2,0,0,0,0,0,5da138274db8ce0c98bbd3d2,F3
85b482e39865d43924d2afa8bf727d20d1a4117a,bbfd4729ac6742a15b9a8a9446bfa93a177fac2f,123.52953997647145,45.47615289186236,28,0,0,0,0,0,5da138274db8ce0c98bbd3d2,F3
2633e9d72e01b42a11f9fe8a9d96cde2cc662f68,875c7329d1fd82c90e86906d75fb130297fc1cd5,40.80352992854447,34.470881170481015,2,0,0,0,0,0,5da138274db8ce0c98bbd3d2,F3
53ad4ccca4d76fc63f9fb33ae837e459f1d36853,a7a31b118cff24d443fc6e6a9a2836dbe41684da,110.92059325575109,40.273866992371566,6,0,0,0,0,0,5da138274db8ce0c98bbd3d2,F3
2f9b5aac1db3351d0816e03830170769b03f464d,992eaa71a19014e41883178ba2b40d33ef19d8f5,112.24885298692772,41.26997482125376,23,0,0,0,0,0,5da138274db8ce0c98bbd3d2,F3
932392247b85cfa2c5766d47312c0fdf9b36cd81,5b924d0ce9e35f1c71312904004b235eb848264c,11.586372770553078,39.77565325967549,4,0,0,0,0,0,5da138274db8ce0c98bbd3d2,F3
4d6f193ebc4fa5c07b459bc029d28c42cb46d0fa,f798b9b97a756b6c65c62d91dd91ed365c1f8a7b,135.91105463915585,61.914453623397904,9,0,0,0,0,0,5da138274db8ce0c98bbd3d2,F3
fde90276b330826e063198554f3e84f0a43c5d5b,732a27d66756afe6c1c7a703bbdf1742aadaaa22,125.1053520561557,45.363622132875584,11,0,0,0,0,0,5da138274db8ce0c98bbd3d2,F3
b84e2527e8aaed2d61671103bbe46bf2585284a9,6eeb9a2ad642be9b0b56f8be57a2c5d23655f1d8,42.44903829762417,33.47143263230335,12,0,0,0,0,0,5da138274db8ce0c98bbd3d2,F3
0cc9230049cde6ded64f4d5208058209602f3fcb,0361eaa6650d03356e99f4ac382cc5d79f8b6ca7,112.95274225636193,37.75658992736002,34,0,0,0,0,3,5da138274db8ce0c98bbd3d2,F3
e99ca96e970eebe73be30ea8dc8dce3c5df3eaaf,adbf69ce3a1392ff7fc84e3b4e2f0eff8de28819,77.91151822839541,21.16922743233967,22,0,0,0,11,21,5da138274db8ce0c98bbd3d2,F3
c332e9e5ddcd578c290739fd5dafdde0e3376e11,28ec3d3d264c01931d61ce5ec6882334c75e0496,56.04133807991538,24.063181624806564,33,0,0,0,0,0,5da138274db8ce0c98bbd3d2,F3
c096ed5f467b47560c503f6b1b7d9952ada84466,991256de278fd07d0f2e3a4bb3fefb3c943936d2,57.00463802951442,23.515114074863643,10,0,0,0,0,0,5da138274db8ce0c98bbd3d2,F3
067f2f2409d3d24c709bd7496120e88803a2eccf,8855bc9b7af3155737cb68d5ce2a7b0542c38934,129.5577958673499,48.64744753372776,36,0,0,7,16,20,5da138274db8ce0c98bbd3d2,F3
385207b870156c465155db1ece54fb2f35dedcc7,b5fb30ed65952b1d66569a83ed7ccfb302655034,40.80352992854447,34.470881170481015,2,0,0,0,0,0,5da138274db8ce0c98bbd3d2,F3
cde3cb3a05711b58d8f964943795db972863a349,2a5f5eacd04f3c99c55312cc3476b75e053d00d5,71.12344039548073,21.46169998427931,14,0,0,0,0,0,5da138274db8ce0c98bbd3d2,F3
1e1880f7eb04f7a6ab067113830dd48c72d5bc39,5d9ad976d06a0884c7daf7342ac3202f35adc533,123.81952590138313,44.484809404711825,10,0,0,0,0,0,5da138274db8ce0c98bbd3d2,F3
9b5dd365e2d126639ed6d173cc4432fc0b92b289,de940c48025f04049210fc84123791f3597fa9f0,123.81952590138313,44.484809404711825,10,0,0,0,0,0,5da138274db8ce0c98bbd3d2,F3
9b5dd365e2d126639ed6d173cc4432fc0b92b289,5a98e30a604b292b06a65b64945814b439f5c907,123.182103488879,43.80505958565569,20,0,0,0,0,0,5da138274db8ce0c98bbd3d2,F3
c0040f93af672394b0b81f51339e9b8bae0d8dc1,b646b314121fe50574215120c499b2b7e38d7bc3,51.93026467963355,25.32954056522437,22,0,0,0,0,0,5da138274db8ce0c98bbd3d2,F3
c1f8fd533acb6314497ae6108be0a9ab2bb52a34,6ea05aa91cef0d0caad4305b657759245ae4f839,40.80352992854447,34.470881170481015,2,0,0,0,0,0,5da138274db8ce0c98bbd3d2,F3
e1cbd808860d7b263153da1ceb1ded5230458553,8b3b4bb981b7dd7d4b8ac5de6fc94307e8ee8332,113.06813295205244,38.70540692615475,31,0,0,0,1,7,5da138274db8ce0c98bbd3d2,F3
8ee53ae10b497c4281e639b04e5dcfe801242d7b,da77b489e376d827adf26511dac44aed315cd8b6,79.30486039250111,22.162159111699776,20,0,0,0,0,5,5da138274db8ce0c98bbd3d2,F3
ae4db790260c10f194689bb90c84501e10b5dc35,4f698550dc46ddde1a0cb53194c8c348371ece5f,40.80352992854447,34.470881170481015,2,0,0,0,0,0,5da138274db8ce0c98bbd3d2,F3
945202cb533e6b454ab5646c32a5370a6cba516b,3b1dbd7e1ad78373bd5d4059636286612fdb1088,58.533055192372615,23.539770837617006,9,0,0,0,0,0,5da138274db8ce0c98bbd3d2,F3
958b660f4db40af4d8c8260b3c5e5f0f4c52bd61,7ad3c71d1883be74aa4199b4db8259ad3082f59a,130.27749776219252,48.87879969979287,32,0,6,16,17,19,5da138274db8ce0c98bbd3d2,F3
85f79d93b436cf74a7758b5cc5e73594616f660c,9e6da2d90a313ef692160806891f991aabdbc577,88.60906124293295,25.627796079711597,18,0,0,0,0,0,5da138274db8ce0c98bbd3d2,F3
64d856e29ff61384deca9aec01b46293528db55c,5a8fb10d71fd486df0c946535d20fac72f72050d,60.35025825070663,22.62359718501298,18,0,0,0,0,0,5da138274db8ce0c98bbd3d2,F3
70730cb829c2ebc533ea5e75c3d529b546b9646f,6e66fdd4a561f92d2c48fd5c1bf1b45d74dee33c,51.14972255780087,25.976694608077043,10,0,0,0,0,0,5da138274db8ce0c98bbd3d2,F3
e1ce97c99da70691b94ee35b939dec11445f216f,aabd65fe893859c5bfe71e2273e9042a5150739e,60.56698799670081,22.528046159553114,18,0,0,0,0,0,5da138274db8ce0c98bbd3d2,F3
8aefb06c426e07a0a671a1e2488b4858d694a730,c4ad7d22b7175027d00784d10a2751b5c8f9bcd2,123.32332310094118,43.871069875931184,16,0,0,0,0,0,5da138274db8ce0c98bbd3d2,F3
9b50983cf06c23f3dc82908a7ace13d7d7340e65,6211744fd49179753bb05147d971b69b507d0ff0,64.17326431583845,22.223753597201956,14,0,0,0,0,0,5da138274db8ce0c98bbd3d2,F3
b540e9289a016e7417c58337bdba699c727b7151,daa26e24a6305b5b38f5acf50986663985fff8e2,66.36564204872425,21.799243526150775,11,0,0,0,0,0,5da138274db8ce0c98bbd3d2,F3
63acfd00aa05295026e4f02c8e55fdbddccc0f5b,89351de1d5872e373fc7f41339246b1464c3f259,127.45660759885993,46.51627523320066,22,0,0,8,19,19,5da138274db8ce0c98bbd3d2,F3
a2d06f2cf0af93a24ef157f8019a67ea5acb44d0,9d0e038f12ebae822d77686465ffe68bc6a7ac79,56.3001353433811,23.613409291631484,2,0,0,0,0,2,5da138274db8ce0c98bbd3d2,F3
bb76fe8406384eae3801541016934ebfc8daefea,fc275c8394c4ba229bd79b4acf9cc478888d99ee,112.83823281921529,37.67769458431659,3,0,0,0,0,0,5da138274db8ce0c98bbd3d2,F3
e6b15c116dff3e56864d2fe218a9772e089c733c,d684b7ab993568e41dd7b9fd001abe9a7d44a80f,66.49112954478666,21.754989687215534,10,0,0,0,0,0,5da138274db8ce0c98bbd3d2,F3
8581f7757e39ad9900b6ef475ddf43d9d49250d0,799787100dc08809c856e6bb5992f3c9df1e2330,136.12844754811607,60.041993010376665,17,0,0,0,0,0,5da138274db8ce0c98bbd3d2,F3
66570430a4f03702e861623afa9ac20338225b82,8bc8816ac68dd590e4af304aabbd99f5b0b29a40,58.533055192372615,23.539770837617006,9,0,0,0,0,0,5da138274db8ce0c98bbd3d2,F3
54dd32399229de83070b9fb39a4e6b32be45a73b,f036202a423fc7a2e9e041d94d288b55eb04aac7,113.22888790221478,35.041350961641946,9,0,0,0,0,0,5da138274db8ce0c98bbd3d2,F3
8699b9fb2da9745ba8b36fb65ba0d19bab219c9f,d09f87aa8cb7c9fb181555e98b001c8380e215fe,134.92711777136776,52.28223359283859,27,0,0,0,0,7,5da138274db8ce0c98bbd3d2,F3
285fdb686320a327cbc6ca176c680d634bb57ab0,2aced0625f13325d460fe23181b0d9d840c64328,112.83823281921529,37.67769458431659,3,0,0,0,0,0,5da138274db8ce0c98bbd3d2,F3
8425fdab4e6f6c5c70d75084971f050923114220,8027b40316b1eacd8d3471b9fe95590ec758a4ac,109.90955678915279,38.50013151027452,9,0,0,0,0,0,5da138274db8ce0c98bbd3d2,F3
7224f997fc148baa0b7f81c1eda6fcc3fd003db0,135c2c32755c99b4d16e9efa4fda4b20dae49d5c,113.19890796177296,35.00725542190444,2,0,0,0,0,0,5da138274db8ce0c98bbd3d2,F3
ecf49d8fd78d506ec0a933ac5a18b07d0ea52d3a,a92fba712b32fbd74341be838a00781096f44f9a,84.09388866219466,24.47096372133109,15,0,0,0,3,3,5da138274db8ce0c98bbd3d2,F3
0987117920508f4733eb3a16aa9130f81d438a54,cbd172b5f3b8c159d41131159b521be901551208,109.08004591965599,41.890459645713676,21,0,0,0,2,4,5da138274db8ce0c98bbd3d2,F3
7c6cba07c21957bc5c1612a61dd6fb1cf519487c,684e18e3051a3843f9397c87a577078916898336,135.7633553069845,62.180140330753474,7,0,0,0,0,0,5da138274db8ce0c98bbd3d2,F3
53d31ad7f4dfaa090cb2177bba8b86bd638627c8,3728864a3232b7697e6ed5a48e72e53a1dabe045,130.05439449125203,48.659685503599114,18,0,0,0,0,8,5da138274db8ce0c98bbd3d2,F3
9ad96b188e6dc1d7b827cd07b64bd25d3bcddc1e,4a7beaf11c60a47d42894b546c7bb3a388a29dd9,112.97862177874914,36.59237598457105,5,0,0,0,0,0,5da138274db8ce0c98bbd3d2,F3
c846b47149c5446fd43f851d5be35bc00c296a57,d482dd1c63b98cac2722d413ccbb0a4974a5f560,113.19890796177296,35.00725542190444,2,0,0,0,0,0,5da138274db8ce0c98bbd3d2,F3
92caee8187461052cf10232bb53d19ee3738014e,28c1e79fcc172b4926dc8cff720f1feb253f63d4,112.83823281921529,37.67769458431659,3,0,0,0,0,0,5da138274db8ce0c98bbd3d2,F3
80799ea12ae9c4392440e9580103bf12a5f28530,3ee477b369ae18c1413a478c928a82adfc1287a0,126.52774570971253,46.28333795219994,11,0,0,0,0,8,5da138274db8ce0c98bbd3d2,F3
5f95ce7ca226986baf4a7d70998924d3567c8ba2,291c166ca6602caa6e102ae2c2accdd46d32f23b,113.19890796177296,35.00725542190444,2,0,0,0,0,0,5da138274db8ce0c98bbd3d2,F3
d60bdb2da157bb0054850de79763f0314c63953d,e204442d3250c46a7378299e93e8558f0fb722a1,112.83823281921529,37.67769458431659,3,0,0,0,0,0,5da138274db8ce0c98bbd3d2,F3
3c72e5de7e78e0ef68633e9f9026bdb472bc2eaa,c008f29706e3811fb81a89b10588f32ec06f7a6a,50.0743770668559,26.27166898581465,30,0,0,0,12,13,5da138274db8ce0c98bbd3d2,F3
3e38738d969570255ec077c64926a1eae9507300,f4410665f06a7e891e54d23795a67bec76965ee7,110.93964659947115,40.27442140244939,4,0,0,0,0,0,5da138274db8ce0c98bbd3d2,F3
3cd33718efb0d9bd492c6c178ca80899cf7ad2d5,5e770608985a7e77c23526eac846348c8fe4c9fd,129.7312967118724,48.54250075689651,21,0,0,0,0,0,5da138274db8ce0c98bbd3d2,F3
03a9f78f7b3a0a730ef08a2ad924bc6b005444bb,96233428ebdabf2023533ba6c7b2166638adfb67,135.7633553069845,62.180140330753474,7,0,0,0,0,0,5da138274db8ce0c98bbd3d2,F3
ffa218a48f758acbddabac091275a6c39bb149c7,f55171cf56b7adb382300b5939ab66fe98f348f4,112.83823281939432,37.67769457336873,3,0,0,0,0,0,5da138274db8ce0c98bbd3d2,F3
13ab8989318fe457d1aeafe9b11c2a2d6bf4e5b7,5e622ad9754ed3fbbd407866d0a5436346d81ad4,123.819525901564,44.48480940542212,10,0,0,0,0,0,5da138274db8ce0c98bbd3d2,F3
0d481af8eb819b9f0c72a1e75ae12815c58670ba,c8b2f2c8073ab155194a99205c33d967561147ec,135.97350272453357,61.10137128971457,17,0,0,0,0,0,5da138274db8ce0c98bbd3d2,F3
3d4f2bf07dc1be38b20cd6e46949a1071f9d0e3d,b3681287dca25fae6039b5234db3736ff060a134,118.30538303853236,41.28591969069126,15,0,0,0,0,0,5da138274db8ce0c98bbd3d2,F3
ecd0a8fe9b3a7a2d4c11e40d903a2272a2f98ac6,835424a390fbba13a89705dc75b7b6e26db2d6a6,140.9726116932914,68.82864836821722,10,0,0,0,0,0,5da138274db8ce0c98bbd3d2,F3
3c028aee3cd6301c02265b8ef0b4933b75004ad8,6723a0da4933e056067907dea15edd11f4e0fea4,135.7633553069845,62.180140330753474,7,0,0,0,0,0,5da138274db8ce0c98bbd3d2,F3
4302f67992a804e88d36e7f053efd1e0966e003b,a351845ba35e17332970c6ffaa8b1511b6da8030,135.76335530678543,62.1801403304588,7,0,0,0,0,0,5da138274db8ce0c98bbd3d2,F3
e0eb993364a228b60777f3b7ade84885486a40ac,28506b6012c01b85cf2736c979fab78ed931c310,135.7633553069845,62.180140330753474,7,0,0,0,0,0,5da138274db8ce0c98bbd3d2,F3
728824a1c70f9b4a2b86b7676186752d47b8f0bb,b3e89fb8e35d63eb00e9ea9cacd3904516d029d0,133.09603854615372,53.19910002866899,16,0,0,0,0,0,5da138274db8ce0c98bbd3d2,F3
b4a7f3648f19473817ca72f04a373994689a9f77,f45e4d7a30b0aab3a94f501da54115159febabb2,136.12426183065136,54.487097928787,10,0,0,0,0,0,5da138274db8ce0c98bbd3d2,F3
4a77300e076388ff7b3e7e531357b676cfbd8baa,ac1ddeafb304dbbe44e44d036fd551ba20ab0a9a,136.12426183065136,54.487097928787,10,0,0,0,0,0,5da138274db8ce0c98bbd3d2,F3
2ed9c96f43c9faa2a7258dcf6389b14998865ceb,dbdb9a692e2ee01eca9281f6cf5403f73b74a10d,136.12426183065136,54.487097928787,10,0,0,0,0,0,5da138274db8ce0c98bbd3d2,F3
b73474274a214041ae83dc287632787b479f9970,6b164d67eb1bf4df187737e8bb9e9cbe26b98b36,135.7633553069845,62.180140330753474,7,0,0,0,0,0,5da138274db8ce0c98bbd3d2,F3
78bff69790a6ecb9304d5357a3094af09539b2df,9d76f33f2bb9c3fcf68b31f378773c7369c6efde,135.7633553069845,62.180140330753474,7,0,0,0,0,0,5da138274db8ce0c98bbd3d2,F3
2ea9258a0221d68498c8eea48d6829ebf55321da,bc28ee93a9b9090527a3218e02fbdc8797352b79,135.7633553069845,62.180140330753474,7,0,0,0,0,0,5da138274db8ce0c98bbd3d2,F3
dce58606093353844ad1da8fab2220c7d096620f,bd21af76b039973be7f8fd1224f3a824cae6becd,113.9801234437035,39.35934473727381,8,0,0,0,0,0,5da138274db8ce0c98bbd3d2,F3
2ee0d2dca289c3eb54f4cc5e98db8d63e9b0794b,15dd7bef2baf31a1a1bab4e36695913eeb8f134d,40.80352992854447,34.470881170481015,2,0,0,0,0,0,5da138274db8ce0c98bbd3d2,F3
634903614f27b0cd70198408c850a6005fa22bd8,86bd11bbae3954664f77b8e2a9133f6a66bbe4dd,40.80352992854447,34.470881170481015,2,0,0,0,0,0,5da138274db8ce0c98bbd3d2,F3
727a98c827432ebbb58dfb3ed2b151ec8c37c5c5,7b956354caadd1aea2316f7680132ffc4749fe79,40.80352992854447,34.470881170481015,2,0,0,0,0,0,5da138274db8ce0c98bbd3d2,F3
7a7d617bef52bc80af1181d1619c23e7220893c6,bd4e4b9193f5fd625eaf4c6b4260a4aef792cc3c,112.83823281921529,37.67769458431659,3,0,0,0,0,0,5da138274db8ce0c98bbd3d2,F3
3a406911155829bb477d09643b371fd2eaa234b4,d2e67d80b8d0939c6c7966b8250b4031a10032f2,113.9801234437035,39.35934473727381,8,0,0,0,0,0,5da138274db8ce0c98bbd3d2,F3
